reporting_month,source_month,settlement_month,settlement_type,record_type,match_group_id,internal_transaction_ids,internal_payment_refs,bank_line_ids,bank_references,cardinality,internal_amount,bank_amount,variance,reconciliation_status,match_method,comments
MAY,MAY,,Unsettled,MATCH_GROUP,MAY-0001,TXNMAY00292|TXNMAY00293,PRMAY25145751|PRMAY25145751,,,2:0,0.0,0.0,0.0,EXCEPTION,Internal self-netting pair,Offsetting SALE and REVERSAL share payment_ref and net to zero; no bank settlement expected.
MAY,MAY,,Unsettled,MATCH_GROUP,MAY-0002,TXNMAY00294|TXNMAY00295,PRMAY37659807|PRMAY37659807,,,2:0,0.0,0.0,0.0,EXCEPTION,Internal self-netting pair,Offsetting SALE and REVERSAL share payment_ref and net to zero; no bank settlement expected.
MAY,MAY,,Unsettled,MATCH_GROUP,MAY-0003,TXNMAY00289|TXNMAY00288,PRMAY39888974|PRMAY39888974,,,2:0,0.0,0.0,0.0,EXCEPTION,Internal self-netting pair,Offsetting SALE and REVERSAL share payment_ref and net to zero; no bank settlement expected.
MAY,MAY,,Unsettled,MATCH_GROUP,MAY-0004,TXNMAY00290|TXNMAY00291,PRMAY60905625|PRMAY60905625,,,2:0,0.0,0.0,0.0,EXCEPTION,Internal self-netting pair,Offsetting SALE and REVERSAL share payment_ref and net to zero; no bank settlement expected.
MAY,MAY,MAY,Same-month settlement,MATCH_GROUP,MAY-0005,TXNMAY00214|TXNMAY00210|TXNMAY00213|TXNMAY00212|TXNMAY00209|TXNMAY00211|TXNMAY00215,PRMAY45496951|PRMAY38876195|PRMAY11097552|PRMAY97813295|PRMAY62780072|PRMAY47763008|PRMAY59115280,BLMAY00220,UTR6131005449,7:1,65577.19,65246.93,-330.26,PARTIAL_MATCH,Batch ID match,Batch settlement is net of charges; bank amount is short versus internal batch total.
MAY,MAY,MAY,Same-month settlement,MATCH_GROUP,MAY-0006,TXNMAY00217|TXNMAY00220|TXNMAY00219|TXNMAY00221|TXNMAY00216|TXNMAY00218,PRMAY93650068|PRMAY36717096|PRMAY55511258|PRMAY16080513|PRMAY70445541|PRMAY22976369,BLMAY00221,UTR2962750929,6:1,60887.02,60675.35,-211.67,PARTIAL_MATCH,Batch ID match,Batch settlement is net of charges; bank amount is short versus internal batch total.
MAY,MAY,MAY,Same-month settlement,MATCH_GROUP,MAY-0007,TXNMAY00226|TXNMAY00223|TXNMAY00227|TXNMAY00225|TXNMAY00224|TXNMAY00228|TXNMAY00229|TXNMAY00222,PRMAY59440148|PRMAY92745294|PRMAY65907088|PRMAY50237208|PRMAY78090664|PRMAY94457912|PRMAY45638891|PRMAY92284610,BLMAY00222,UTR4098389895,8:1,95184.96,95184.96,0.0,MATCHED,Batch ID match,Batch total agrees.
MAY,MAY,MAY,Same-month settlement,MATCH_GROUP,MAY-0008,TXNMAY00234|TXNMAY00230|TXNMAY00232|TXNMAY00235|TXNMAY00236|TXNMAY00233|TXNMAY00231,PRMAY37365878|PRMAY93179531|PRMAY24749927|PRMAY92071195|PRMAY18359252|PRMAY52103092|PRMAY42507072,BLMAY00223,UTR3227727430,7:1,57896.9,57896.9,0.0,MATCHED,Batch ID match,Batch total agrees.
MAY,MAY,MAY,Same-month settlement,MATCH_GROUP,MAY-0009,TXNMAY00237|TXNMAY00239|TXNMAY00240|TXNMAY00241|TXNMAY00242|TXNMAY00238,PRMAY52111160|PRMAY96343485|PRMAY35805259|PRMAY50063879|PRMAY49945150|PRMAY81555103,BLMAY00224,UTR4027526473,6:1,68558.65,68558.65,0.0,MATCHED,Batch ID match,Batch total agrees.
MAY,MAY,MAY,Same-month settlement,MATCH_GROUP,MAY-0010,TXNMAY00247|TXNMAY00246|TXNMAY00245|TXNMAY00248|TXNMAY00244|TXNMAY00243,PRMAY20607151|PRMAY29659692|PRMAY62953249|PRMAY98043078|PRMAY82905845|PRMAY46702849,BLMAY00225,UTR8504761698,6:1,67098.9,67098.9,0.0,MATCHED,Batch ID match,Batch total agrees.
MAY,MAY,MAY,Same-month settlement,MATCH_GROUP,MAY-0011,TXNMAY00249|TXNMAY00251|TXNMAY00252|TXNMAY00253|TXNMAY00250,PRMAY85432781|PRMAY99903592|PRMAY17045237|PRMAY73404979|PRMAY92634772,BLMAY00226,UTR1590416424,5:1,35691.14,35691.14,0.0,MATCHED,Batch ID match,Batch total agrees.
MAY,MAY,MAY,Same-month settlement,MATCH_GROUP,MAY-0012,TXNMAY00257|TXNMAY00258|TXNMAY00254|TXNMAY00255|TXNMAY00256,PRMAY41168067|PRMAY33496796|PRMAY73847325|PRMAY48553376|PRMAY17940667,BLMAY00227,UTR4949801453,5:1,64010.32,64010.32,0.0,MATCHED,Batch ID match,Batch total agrees.
MAY,MAY,MAY,Same-month settlement,MATCH_GROUP,MAY-0013,TXNMAY00263|TXNMAY00260|TXNMAY00264|TXNMAY00259|TXNMAY00261|TXNMAY00262|TXNMAY00265,PRMAY28012011|PRMAY86230551|PRMAY25119192|PRMAY48851599|PRMAY54968591|PRMAY96075494|PRMAY71594457,BLMAY00228,UTR4086355679,7:1,74738.79,74738.79,0.0,MATCHED,Batch ID match,Batch total agrees.
MAY,MAY,MAY,Same-month settlement,MATCH_GROUP,MAY-0014,TXNMAY00269|TXNMAY00270|TXNMAY00267|TXNMAY00266|TXNMAY00271|TXNMAY00268,PRMAY99826000|PRMAY28872606|PRMAY95728324|PRMAY35925669|PRMAY43292316|PRMAY79159799,BLMAY00229,UTR6415031531,6:1,53716.49,53716.49,0.0,MATCHED,Batch ID match,Batch total agrees.
MAY,MAY,MAY,Same-month settlement,MATCH_GROUP,MAY-0015,TXNMAY00073,PRMAY11698142,BLMAY00073,UTR4037867512,1:1,78165.85,78165.85,0.0,MATCHED,Reference + exact amount,Related bank line selected; any redundant related credits remain unconsumed for duplicate-credit exception handling.
MAY,MAY,MAY,Same-month settlement,MATCH_GROUP,MAY-0016,TXNMAY00108,PRMAY12059919,BLMAY00108,UTR8270110908,1:1,13908.73,13908.73,0.0,MATCHED,Reference + exact amount,Related bank line selected; any redundant related credits remain unconsumed for duplicate-credit exception handling.
MAY,MAY,MAY,Same-month settlement,MATCH_GROUP,MAY-0017,TXNMAY00079,PRMAY12314351,BLMAY00079,UTR6879898071,1:1,28128.82,28128.82,0.0,MATCHED,Reference + exact amount,Related bank line selected; any redundant related credits remain unconsumed for duplicate-credit exception handling.
MAY,MAY,MAY,Same-month settlement,MATCH_GROUP,MAY-0018,TXNMAY00168,PRMAY12446861,BLMAY00168,UTR1590838716,1:1,29515.06,29515.06,0.0,MATCHED,Reference + exact amount,Related bank line selected; any redundant related credits remain unconsumed for duplicate-credit exception handling.
MAY,MAY,MAY,Same-month settlement,MATCH_GROUP,MAY-0019,TXNMAY00117,PRMAY12944682,BLMAY00117,UTR8495457335,1:1,37752.59,37752.59,0.0,MATCHED,Reference + exact amount,Related bank line selected; any redundant related credits remain unconsumed for duplicate-credit exception handling.
MAY,MAY,MAY,Same-month settlement,MATCH_GROUP,MAY-0020,TXNMAY00046,PRMAY13176186,BLMAY00046,UTR7482848011,1:1,18549.05,18549.05,0.0,MATCHED,Reference + exact amount,Related bank line selected; any redundant related credits remain unconsumed for duplicate-credit exception handling.
MAY,MAY,MAY,Same-month settlement,MATCH_GROUP,MAY-0021,TXNMAY00076,PRMAY13852048,BLMAY00076,UTR8721631198,1:1,80877.78,80877.78,0.0,MATCHED,Reference + exact amount,Related bank line selected; any redundant related credits remain unconsumed for duplicate-credit exception handling.
MAY,MAY,MAY,Same-month settlement,MATCH_GROUP,MAY-0022,TXNMAY00125,PRMAY14994527,BLMAY00125,UTR5877639950,1:1,94614.12,94614.12,0.0,MATCHED,Reference + exact amount,Related bank line selected; any redundant related credits remain unconsumed for duplicate-credit exception handling.
MAY,MAY,MAY,Same-month settlement,MATCH_GROUP,MAY-0023,TXNMAY00296,PRMAY15937353,BLMAY00245,UTR2242377075,1:1,29142.95,28904.03,-238.92,PARTIAL_MATCH,Reference aggregate match,"Related bank lines found, but the net amount does not fully reconcile."
MAY,MAY,MAY,Same-month settlement,MATCH_GROUP,MAY-0024,TXNMAY00049,PRMAY15957459,BLMAY00049,UTR9249648005,1:1,41566.45,41566.45,0.0,MATCHED,Reference + exact amount,Related bank line selected; any redundant related credits remain unconsumed for duplicate-credit exception handling.
MAY,MAY,MAY,Same-month settlement,MATCH_GROUP,MAY-0025,TXNMAY00150,PRMAY16095815,BLMAY00150,UTR5060136033,1:1,37701.21,37701.21,0.0,MATCHED,Reference + exact amount,Related bank line selected; any redundant related credits remain unconsumed for duplicate-credit exception handling.
MAY,MAY,MAY,Same-month settlement,MATCH_GROUP,MAY-0026,TXNMAY00187,PRMAY16416148,BLMAY00187,UTR8487449580,1:1,31699.86,31699.86,0.0,MATCHED,Reference + exact amount,Related bank line selected; any redundant related credits remain unconsumed for duplicate-credit exception handling.
MAY,MAY,MAY,Same-month settlement,MATCH_GROUP,MAY-0027,TXNMAY00130,PRMAY16788532,BLMAY00130,UTR3380304322,1:1,23328.15,23328.15,0.0,MATCHED,Reference + exact amount,Related bank line selected; any redundant related credits remain unconsumed for duplicate-credit exception handling.
MAY,MAY,MAY,Same-month settlement,MATCH_GROUP,MAY-0028,TXNMAY00039,PRMAY16818112,BLMAY00039,UTR4311931853,1:1,60348.45,60348.45,0.0,MATCHED,Reference + exact amount,Related bank line selected; any redundant related credits remain unconsumed for duplicate-credit exception handling.
MAY,MAY,MAY,Same-month settlement,MATCH_GROUP,MAY-0029,TXNMAY00112,PRMAY17532195,BLMAY00112,UTR1773338452,1:1,34214.4,34214.4,0.0,MATCHED,Reference + exact amount,Related bank line selected; any redundant related credits remain unconsumed for duplicate-credit exception handling.
MAY,MAY,MAY,Same-month settlement,MATCH_GROUP,MAY-0030,TXNMAY00092,PRMAY18004482,BLMAY00092,UTR8252816758,1:1,75351.56,75351.56,0.0,MATCHED,Reference + exact amount,Related bank line selected; any redundant related credits remain unconsumed for duplicate-credit exception handling.
MAY,MAY,MAY,Same-month settlement,MATCH_GROUP,MAY-0031,TXNMAY00185,PRMAY18469210,BLMAY00185,UTR5474951950,1:1,73794.04,73794.04,0.0,MATCHED,Reference + exact amount,Related bank line selected; any redundant related credits remain unconsumed for duplicate-credit exception handling.
MAY,MAY,MAY,Same-month settlement,MATCH_GROUP,MAY-0032,TXNMAY00193,PRMAY19023909,BLMAY00193,UTR3598862507,1:1,74014.33,74014.33,0.0,MATCHED,Reference + exact amount,Related bank line selected; any redundant related credits remain unconsumed for duplicate-credit exception handling.
MAY,MAY,MAY,Same-month settlement,MATCH_GROUP,MAY-0033,TXNMAY00032,PRMAY19121552,BLMAY00032,UTR3553440342,1:1,81907.37,81907.37,0.0,MATCHED,Reference + exact amount,Related bank line selected; any redundant related credits remain unconsumed for duplicate-credit exception handling.
MAY,MAY,MAY,Same-month settlement,MATCH_GROUP,MAY-0034,TXNMAY00110,PRMAY19183277,BLMAY00110,UTR5201928545,1:1,60052.51,60052.51,0.0,MATCHED,Reference + exact amount,Related bank line selected; any redundant related credits remain unconsumed for duplicate-credit exception handling.
MAY,MAY,MAY,Same-month settlement,MATCH_GROUP,MAY-0035,TXNMAY00146,PRMAY19339597,BLMAY00146,UTR7098134112,1:1,70456.82,70456.82,0.0,MATCHED,Reference + exact amount,Related bank line selected; any redundant related credits remain unconsumed for duplicate-credit exception handling.
MAY,MAY,MAY,Same-month settlement,MATCH_GROUP,MAY-0036,TXNMAY00022,PRMAY19528530,BLMAY00022,UTR9894264595,1:1,60047.01,60047.01,0.0,MATCHED,Reference + exact amount,Related bank line selected; any redundant related credits remain unconsumed for duplicate-credit exception handling.
MAY,MAY,MAY,Same-month settlement,MATCH_GROUP,MAY-0037,TXNMAY00091,PRMAY19553585,BLMAY00091,UTR1610900200,1:1,22366.91,22366.91,0.0,MATCHED,Reference + exact amount,Related bank line selected; any redundant related credits remain unconsumed for duplicate-credit exception handling.
MAY,MAY,MAY,Same-month settlement,MATCH_GROUP,MAY-0038,TXNMAY00041,PRMAY20099059,BLMAY00041,UTR1547374338,1:1,85897.23,85897.23,0.0,MATCHED,Reference + exact amount,Related bank line selected; any redundant related credits remain unconsumed for duplicate-credit exception handling.
MAY,MAY,MAY,Same-month settlement,MATCH_GROUP,MAY-0039,TXNMAY00169,PRMAY20356922,BLMAY00169,UTR3654424954,1:1,80259.59,80259.59,0.0,MATCHED,Reference + exact amount,Related bank line selected; any redundant related credits remain unconsumed for duplicate-credit exception handling.
MAY,MAY,MAY,Same-month settlement,MATCH_GROUP,MAY-0040,TXNMAY00178,PRMAY20633503,BLMAY00178,UTR8628603366,1:1,24498.79,24498.79,0.0,MATCHED,Reference + exact amount,Related bank line selected; any redundant related credits remain unconsumed for duplicate-credit exception handling.
MAY,MAY,MAY,Same-month settlement,MATCH_GROUP,MAY-0041,TXNMAY00287,PRMAY20770971,BLMAY00244,UTR3271361431,1:1,12850.78,12850.78,0.0,MATCHED,Reference + exact amount,Related bank line selected; any redundant related credits remain unconsumed for duplicate-credit exception handling.
MAY,MAY,MAY,Same-month settlement,MATCH_GROUP,MAY-0042,TXNMAY00166,PRMAY20939011,BLMAY00166,UTR5028688786,1:1,63127.25,63127.25,0.0,MATCHED,Reference + exact amount,Related bank line selected; any redundant related credits remain unconsumed for duplicate-credit exception handling.
MAY,MAY,MAY,Same-month settlement,MATCH_GROUP,MAY-0043,TXNMAY00087,PRMAY21432787,BLMAY00087,UTR6928678489,1:1,11473.29,11473.29,0.0,MATCHED,Reference + exact amount,Related bank line selected; any redundant related credits remain unconsumed for duplicate-credit exception handling.
MAY,MAY,MAY,Same-month settlement,MATCH_GROUP,MAY-0044,TXNMAY00078,PRMAY21490777,BLMAY00078,UTR7403028869,1:1,68477.07,68477.07,0.0,MATCHED,Reference + exact amount,Related bank line selected; any redundant related credits remain unconsumed for duplicate-credit exception handling.
MAY,MAY,MAY,Same-month settlement,MATCH_GROUP,MAY-0045,TXNMAY00013,PRMAY22201654,BLMAY00013,UTR3561557300,1:1,4714.28,4714.28,0.0,MATCHED,Reference + exact amount,Related bank line selected; any redundant related credits remain unconsumed for duplicate-credit exception handling.
MAY,MAY,MAY,Same-month settlement,MATCH_GROUP,MAY-0046,TXNMAY00094,PRMAY22257687,BLMAY00094,UTR8093179263,1:1,91391.08,91391.08,0.0,MATCHED,Reference + exact amount,Related bank line selected; any redundant related credits remain unconsumed for duplicate-credit exception handling.
MAY,MAY,MAY,Same-month settlement,MATCH_GROUP,MAY-0047,TXNMAY00141,PRMAY22960658,BLMAY00141,UTR7707379050,1:1,70250.92,70250.92,0.0,MATCHED,Reference + exact amount,Related bank line selected; any redundant related credits remain unconsumed for duplicate-credit exception handling.
MAY,MAY,MAY,Same-month settlement,MATCH_GROUP,MAY-0048,TXNMAY00143,PRMAY23905032,BLMAY00143,UTR7684109313,1:1,48327.34,48327.34,0.0,MATCHED,Reference + exact amount,Related bank line selected; any redundant related credits remain unconsumed for duplicate-credit exception handling.
MAY,MAY,MAY,Same-month settlement,MATCH_GROUP,MAY-0049,TXNMAY00155,PRMAY24208709,BLMAY00155,UTR9033841191,1:1,41530.35,41530.35,0.0,MATCHED,Reference + exact amount,Related bank line selected; any redundant related credits remain unconsumed for duplicate-credit exception handling.
MAY,MAY,MAY,Same-month settlement,MATCH_GROUP,MAY-0050,TXNMAY00056,PRMAY24305904,BLMAY00056,UTR3394039673,1:1,40532.6,40532.6,0.0,MATCHED,Reference + exact amount,Related bank line selected; any redundant related credits remain unconsumed for duplicate-credit exception handling.
MAY,MAY,MAY,Same-month settlement,MATCH_GROUP,MAY-0051,TXNMAY00048,PRMAY24549543,BLMAY00048,UTR6111349421,1:1,41424.92,41424.92,0.0,MATCHED,Reference + exact amount,Related bank line selected; any redundant related credits remain unconsumed for duplicate-credit exception handling.
MAY,MAY,MAY,Same-month settlement,MATCH_GROUP,MAY-0052,TXNMAY00026,PRMAY24665841,BLMAY00026,UTR6491309593,1:1,18403.16,18403.16,0.0,MATCHED,Reference + exact amount,Related bank line selected; any redundant related credits remain unconsumed for duplicate-credit exception handling.
MAY,MAY,MAY,Same-month settlement,MATCH_GROUP,MAY-0053,TXNMAY00015,PRMAY25374874,BLMAY00015,UTR2867302554,1:1,84083.71,84083.71,0.0,MATCHED,Reference + exact amount,Related bank line selected; any redundant related credits remain unconsumed for duplicate-credit exception handling.
MAY,MAY,MAY,Same-month settlement,MATCH_GROUP,MAY-0054,TXNMAY00144,PRMAY25419645,BLMAY00144,UTR2148679234,1:1,26644.34,26644.34,0.0,MATCHED,Reference + exact amount,Related bank line selected; any redundant related credits remain unconsumed for duplicate-credit exception handling.
MAY,MAY,MAY,Same-month settlement,MATCH_GROUP,MAY-0055,TXNMAY00057,PRMAY26288475,BLMAY00057,UTR7462972995,1:1,12883.88,12883.88,0.0,MATCHED,Reference + exact amount,Related bank line selected; any redundant related credits remain unconsumed for duplicate-credit exception handling.
MAY,MAY,MAY,Same-month settlement,MATCH_GROUP,MAY-0056,TXNMAY00100,PRMAY26297533,BLMAY00100,UTR9648665968,1:1,92455.66,92455.66,0.0,MATCHED,Reference + exact amount,Related bank line selected; any redundant related credits remain unconsumed for duplicate-credit exception handling.
MAY,MAY,MAY,Same-month settlement,MATCH_GROUP,MAY-0057,TXNMAY00084,PRMAY26948946,BLMAY00084,UTR6516195409,1:1,82536.7,82536.7,0.0,MATCHED,Reference + exact amount,Related bank line selected; any redundant related credits remain unconsumed for duplicate-credit exception handling.
MAY,MAY,MAY,Same-month settlement,MATCH_GROUP,MAY-0058,TXNMAY00065,PRMAY28213276,BLMAY00065,UTR7247886041,1:1,17468.83,17468.83,0.0,MATCHED,Reference + exact amount,Related bank line selected; any redundant related credits remain unconsumed for duplicate-credit exception handling.
MAY,MAY,MAY,Same-month settlement,MATCH_GROUP,MAY-0059,TXNMAY00151,PRMAY28419343,BLMAY00151,UTR8503368512,1:1,24460.47,24460.47,0.0,MATCHED,Reference + exact amount,Related bank line selected; any redundant related credits remain unconsumed for duplicate-credit exception handling.
MAY,MAY,MAY,Same-month settlement,MATCH_GROUP,MAY-0060,TXNMAY00177,PRMAY28468304,BLMAY00177,UTR3642900640,1:1,27431.82,27431.82,0.0,MATCHED,Reference + exact amount,Related bank line selected; any redundant related credits remain unconsumed for duplicate-credit exception handling.
MAY,MAY,MAY,Same-month settlement,MATCH_GROUP,MAY-0061,TXNMAY00132,PRMAY29419691,BLMAY00132,UTR5358791907,1:1,51435.41,51435.41,0.0,MATCHED,Reference + exact amount,Related bank line selected; any redundant related credits remain unconsumed for duplicate-credit exception handling.
MAY,MAY,MAY,Same-month settlement,MATCH_GROUP,MAY-0062,TXNMAY00060,PRMAY30244148,BLMAY00060,UTR7045593274,1:1,36542.59,36542.59,0.0,MATCHED,Reference + exact amount,Related bank line selected; any redundant related credits remain unconsumed for duplicate-credit exception handling.
MAY,MAY,MAY,Same-month settlement,MATCH_GROUP,MAY-0063,TXNMAY00090,PRMAY31009452,BLMAY00090,UTR8986950095,1:1,38957.04,38957.04,0.0,MATCHED,Reference + exact amount,Related bank line selected; any redundant related credits remain unconsumed for duplicate-credit exception handling.
MAY,MAY,MAY,Same-month settlement,MATCH_GROUP,MAY-0064,TXNMAY00004,PRMAY31429110,BLMAY00004,UTR1438989805,1:1,40292.71,40292.71,0.0,MATCHED,Reference + exact amount,Related bank line selected; any redundant related credits remain unconsumed for duplicate-credit exception handling.
MAY,MAY,MAY,Same-month settlement,MATCH_GROUP,MAY-0065,TXNMAY00009,PRMAY31931511,BLMAY00009,UTR4529615275,1:1,36203.4,36203.4,0.0,MATCHED,Reference + exact amount,Related bank line selected; any redundant related credits remain unconsumed for duplicate-credit exception handling.
MAY,MAY,MAY,Same-month settlement,MATCH_GROUP,MAY-0066,TXNMAY00282,PRMAY32083803,BLMAY00233,UTR3921845810,1:1,81212.55,81212.55,0.0,MATCHED,Reference + exact amount,Related bank line selected; any redundant related credits remain unconsumed for duplicate-credit exception handling.
MAY,MAY,MAY,Same-month settlement,MATCH_GROUP,MAY-0067,TXNMAY00028,PRMAY32321899,BLMAY00028,UTR2627677155,1:1,46264.5,46264.5,0.0,MATCHED,Reference + exact amount,Related bank line selected; any redundant related credits remain unconsumed for duplicate-credit exception handling.
MAY,MAY,MAY,Same-month settlement,MATCH_GROUP,MAY-0068,TXNMAY00158,PRMAY33286644,BLMAY00158,UTR7977267911,1:1,14734.41,14734.41,0.0,MATCHED,Reference + exact amount,Related bank line selected; any redundant related credits remain unconsumed for duplicate-credit exception handling.
MAY,MAY,MAY,Same-month settlement,MATCH_GROUP,MAY-0069,TXNMAY00113,PRMAY33497411,BLMAY00113,UTR1614685938,1:1,57999.35,57999.35,0.0,MATCHED,Reference + exact amount,Related bank line selected; any redundant related credits remain unconsumed for duplicate-credit exception handling.
MAY,MAY,MAY,Same-month settlement,MATCH_GROUP,MAY-0070,TXNMAY00120,PRMAY33574011,BLMAY00120,UTR8758809005,1:1,12772.14,12772.14,0.0,MATCHED,Reference + exact amount,Related bank line selected; any redundant related credits remain unconsumed for duplicate-credit exception handling.
MAY,MAY,MAY,Same-month settlement,MATCH_GROUP,MAY-0071,TXNMAY00152,PRMAY33581357,BLMAY00152,UTR4187043237,1:1,36274.66,36274.66,0.0,MATCHED,Reference + exact amount,Related bank line selected; any redundant related credits remain unconsumed for duplicate-credit exception handling.
MAY,MAY,MAY,Same-month settlement,MATCH_GROUP,MAY-0072,TXNMAY00044,PRMAY33763566,BLMAY00044,UTR4011966884,1:1,2598.51,2598.51,0.0,MATCHED,Reference + exact amount,Related bank line selected; any redundant related credits remain unconsumed for duplicate-credit exception handling.
MAY,MAY,MAY,Same-month settlement,MATCH_GROUP,MAY-0073,TXNMAY00083,PRMAY34084236,BLMAY00083,UTR7671625956,1:1,1590.56,1590.56,0.0,MATCHED,Reference + exact amount,Related bank line selected; any redundant related credits remain unconsumed for duplicate-credit exception handling.
MAY,MAY,MAY,Same-month settlement,MATCH_GROUP,MAY-0074,TXNMAY00145,PRMAY34215035,BLMAY00145,UTR8118240999,1:1,66830.71,66830.71,0.0,MATCHED,Reference + exact amount,Related bank line selected; any redundant related credits remain unconsumed for duplicate-credit exception handling.
MAY,MAY,MAY,Same-month settlement,MATCH_GROUP,MAY-0075,TXNMAY00129,PRMAY35475673,BLMAY00129,UTR5170814022,1:1,90168.77,90168.77,0.0,MATCHED,Reference + exact amount,Related bank line selected; any redundant related credits remain unconsumed for duplicate-credit exception handling.
MAY,MAY,MAY,Same-month settlement,MATCH_GROUP,MAY-0076,TXNMAY00030,PRMAY35487660,BLMAY00030,UTR1245522987,1:1,20877.16,20877.16,0.0,MATCHED,Reference + exact amount,Related bank line selected; any redundant related credits remain unconsumed for duplicate-credit exception handling.
MAY,MAY,MAY,Same-month settlement,MATCH_GROUP,MAY-0077,TXNMAY00116,PRMAY36738452,BLMAY00116,UTR8298348088,1:1,81103.53,81103.53,0.0,MATCHED,Reference + exact amount,Related bank line selected; any redundant related credits remain unconsumed for duplicate-credit exception handling.
MAY,MAY,MAY,Same-month settlement,MATCH_GROUP,MAY-0078,TXNMAY00197,PRMAY36867482,BLMAY00197,UTR5283209430,1:1,13110.27,13110.27,0.0,MATCHED,Reference + exact amount,Related bank line selected; any redundant related credits remain unconsumed for duplicate-credit exception handling.
MAY,MAY,MAY,Same-month settlement,MATCH_GROUP,MAY-0079,TXNMAY00063,PRMAY39450273,BLMAY00063,UTR4110335359,1:1,41545.46,41545.46,0.0,MATCHED,Reference + exact amount,Related bank line selected; any redundant related credits remain unconsumed for duplicate-credit exception handling.
MAY,MAY,MAY,Same-month settlement,MATCH_GROUP,MAY-0080,TXNMAY00081,PRMAY40942292,BLMAY00081,UTR7374584386,1:1,68591.69,68591.69,0.0,MATCHED,Reference + exact amount,Related bank line selected; any redundant related credits remain unconsumed for duplicate-credit exception handling.
MAY,MAY,MAY,Same-month settlement,MATCH_GROUP,MAY-0081,TXNMAY00054,PRMAY41523529,BLMAY00054,UTR5607762160,1:1,29662.24,29662.24,0.0,MATCHED,Reference + exact amount,Related bank line selected; any redundant related credits remain unconsumed for duplicate-credit exception handling.
MAY,MAY,MAY,Same-month settlement,MATCH_GROUP,MAY-0082,TXNMAY00128,PRMAY41690501,BLMAY00128,UTR7004964045,1:1,9663.85,9663.85,0.0,MATCHED,Reference + exact amount,Related bank line selected; any redundant related credits remain unconsumed for duplicate-credit exception handling.
MAY,MAY,MAY,Same-month settlement,MATCH_GROUP,MAY-0083,TXNMAY00179,PRMAY41895531,BLMAY00179,UTR9182543558,1:1,11795.13,11795.13,0.0,MATCHED,Reference + exact amount,Related bank line selected; any redundant related credits remain unconsumed for duplicate-credit exception handling.
MAY,MAY,MAY,Same-month settlement,MATCH_GROUP,MAY-0084,TXNMAY00133,PRMAY41934639,BLMAY00133,UTR8480622107,1:1,30927.35,30927.35,0.0,MATCHED,Reference + exact amount,Related bank line selected; any redundant related credits remain unconsumed for duplicate-credit exception handling.
MAY,MAY,MAY,Same-month settlement,MATCH_GROUP,MAY-0085,TXNMAY00023,PRMAY41944441,BLMAY00023,UTR7769777475,1:1,63635.64,63635.64,0.0,MATCHED,Reference + exact amount,Related bank line selected; any redundant related credits remain unconsumed for duplicate-credit exception handling.
MAY,MAY,MAY,Same-month settlement,MATCH_GROUP,MAY-0086,TXNMAY00024,PRMAY42614537,BLMAY00024,UTR6816663775,1:1,76760.34,76760.34,0.0,MATCHED,Reference + exact amount,Related bank line selected; any redundant related credits remain unconsumed for duplicate-credit exception handling.
MAY,MAY,MAY,Same-month settlement,MATCH_GROUP,MAY-0087,TXNMAY00075,PRMAY42949803,BLMAY00075,UTR6922713963,1:1,26678.45,26678.45,0.0,MATCHED,Reference + exact amount,Related bank line selected; any redundant related credits remain unconsumed for duplicate-credit exception handling.
MAY,MAY,MAY,Same-month settlement,MATCH_GROUP,MAY-0088,TXNMAY00068,PRMAY43189803,BLMAY00068,UTR3875303857,1:1,79766.93,79766.93,0.0,MATCHED,Reference + exact amount,Related bank line selected; any redundant related credits remain unconsumed for duplicate-credit exception handling.
MAY,MAY,MAY,Same-month settlement,MATCH_GROUP,MAY-0089,TXNMAY00027,PRMAY43528453,BLMAY00027,UTR4645120421,1:1,42236.64,42236.64,0.0,MATCHED,Reference + exact amount,Related bank line selected; any redundant related credits remain unconsumed for duplicate-credit exception handling.
MAY,MAY,MAY,Same-month settlement,MATCH_GROUP,MAY-0090,TXNMAY00173,PRMAY43554863,BLMAY00173,UTR4655730355,1:1,61001.71,61001.71,0.0,MATCHED,Reference + exact amount,Related bank line selected; any redundant related credits remain unconsumed for duplicate-credit exception handling.
MAY,MAY,MAY,Same-month settlement,MATCH_GROUP,MAY-0091,TXNMAY00038,PRMAY46553958,BLMAY00038,UTR7393195616,1:1,57557.63,57557.63,0.0,MATCHED,Reference + exact amount,Related bank line selected; any redundant related credits remain unconsumed for duplicate-credit exception handling.
MAY,MAY,MAY,Same-month settlement,MATCH_GROUP,MAY-0092,TXNMAY00095,PRMAY47333543,BLMAY00095,UTR6789448659,1:1,94710.58,94710.58,0.0,MATCHED,Reference + exact amount,Related bank line selected; any redundant related credits remain unconsumed for duplicate-credit exception handling.
MAY,MAY,MAY,Same-month settlement,MATCH_GROUP,MAY-0093,TXNMAY00174,PRMAY48260510,BLMAY00174,UTR4910589015,1:1,72555.32,72555.32,0.0,MATCHED,Reference + exact amount,Related bank line selected; any redundant related credits remain unconsumed for duplicate-credit exception handling.
MAY,MAY,MAY,Same-month settlement,MATCH_GROUP,MAY-0094,TXNMAY00118,PRMAY48412328,BLMAY00118,UTR5464285982,1:1,75942.0,75942.0,0.0,MATCHED,Reference + exact amount,Related bank line selected; any redundant related credits remain unconsumed for duplicate-credit exception handling.
MAY,MAY,MAY,Same-month settlement,MATCH_GROUP,MAY-0095,TXNMAY00286,PRMAY48532662,BLMAY00241,UTR9123215994,1:1,17303.23,17303.23,0.0,MATCHED,Reference + exact amount,Related bank line selected; any redundant related credits remain unconsumed for duplicate-credit exception handling.
MAY,MAY,MAY,Same-month settlement,MATCH_GROUP,MAY-0096,TXNMAY00154,PRMAY48858073,BLMAY00154,UTR5673482258,1:1,38626.81,38626.81,0.0,MATCHED,Reference + exact amount,Related bank line selected; any redundant related credits remain unconsumed for duplicate-credit exception handling.
MAY,MAY,MAY,Same-month settlement,MATCH_GROUP,MAY-0097,TXNMAY00208,PRMAY48951595,BLMAY00218|BLMAY00217|BLMAY00219,UTR5979337757|UTR8392190335|UTR7299922974,1:3,59861.62,59861.62,0.0,MATCHED,Reference aggregate match,All related bank lines aggregated by normalized/truncated reference.
MAY,MAY,MAY,Same-month settlement,MATCH_GROUP,MAY-0098,TXNMAY00051,PRMAY49682169,BLMAY00051,UTR7739255769,1:1,12310.52,12310.52,0.0,MATCHED,Reference + exact amount,Related bank line selected; any redundant related credits remain unconsumed for duplicate-credit exception handling.
MAY,MAY,MAY,Same-month settlement,MATCH_GROUP,MAY-0099,TXNMAY00104,PRMAY50071487,BLMAY00104,UTR7375197714,1:1,55197.74,55197.74,0.0,MATCHED,Reference + exact amount,Related bank line selected; any redundant related credits remain unconsumed for duplicate-credit exception handling.
MAY,MAY,MAY,Same-month settlement,MATCH_GROUP,MAY-0100,TXNMAY00298,PRMAY50332555,BLMAY00247,UTR7682327733,1:1,8352.67,7970.69,-381.98,PARTIAL_MATCH,Reference aggregate match,"Related bank lines found, but the net amount does not fully reconcile."
MAY,MAY,MAY,Same-month settlement,MATCH_GROUP,MAY-0101,TXNMAY00042,PRMAY51373735,BLMAY00042,UTR3864457210,1:1,85428.5,85428.5,0.0,MATCHED,Reference + exact amount,Related bank line selected; any redundant related credits remain unconsumed for duplicate-credit exception handling.
MAY,MAY,MAY,Same-month settlement,MATCH_GROUP,MAY-0102,TXNMAY00167,PRMAY51551377,BLMAY00167,UTR7478908722,1:1,35940.36,35940.36,0.0,MATCHED,Reference + exact amount,Related bank line selected; any redundant related credits remain unconsumed for duplicate-credit exception handling.
MAY,MAY,MAY,Same-month settlement,MATCH_GROUP,MAY-0103,TXNMAY00186,PRMAY51617680,BLMAY00186,UTR6523804237,1:1,37981.73,37981.73,0.0,MATCHED,Reference + exact amount,Related bank line selected; any redundant related credits remain unconsumed for duplicate-credit exception handling.
MAY,MAY,MAY,Same-month settlement,MATCH_GROUP,MAY-0104,TXNMAY00070,PRMAY51746937,BLMAY00070,UTR1851819913,1:1,55080.38,55080.38,0.0,MATCHED,Reference + exact amount,Related bank line selected; any redundant related credits remain unconsumed for duplicate-credit exception handling.
MAY,MAY,MAY,Same-month settlement,MATCH_GROUP,MAY-0105,TXNMAY00010,PRMAY52339391,BLMAY00010,UTR8110054933,1:1,25618.45,25618.45,0.0,MATCHED,Reference + exact amount,Related bank line selected; any redundant related credits remain unconsumed for duplicate-credit exception handling.
MAY,MAY,MAY,Same-month settlement,MATCH_GROUP,MAY-0106,TXNMAY00198,PRMAY52894344,BLMAY00198,UTR4656572173,1:1,33168.55,33168.55,0.0,MATCHED,Reference + exact amount,Related bank line selected; any redundant related credits remain unconsumed for duplicate-credit exception handling.
MAY,MAY,MAY,Same-month settlement,MATCH_GROUP,MAY-0107,TXNMAY00137,PRMAY53233116,BLMAY00137,UTR7573691558,1:1,14304.63,14304.63,0.0,MATCHED,Reference + exact amount,Related bank line selected; any redundant related credits remain unconsumed for duplicate-credit exception handling.
MAY,MAY,MAY,Same-month settlement,MATCH_GROUP,MAY-0108,TXNMAY00018,PRMAY53507489,BLMAY00018,UTR1338258951,1:1,2095.42,2095.42,0.0,MATCHED,Reference + exact amount,Related bank line selected; any redundant related credits remain unconsumed for duplicate-credit exception handling.
MAY,MAY,MAY,Same-month settlement,MATCH_GROUP,MAY-0109,TXNMAY00190,PRMAY54012664,BLMAY00190,UTR8257484586,1:1,28261.89,28261.89,0.0,MATCHED,Reference + exact amount,Related bank line selected; any redundant related credits remain unconsumed for duplicate-credit exception handling.
MAY,MAY,MAY,Same-month settlement,MATCH_GROUP,MAY-0110,TXNMAY00105,PRMAY54619335,BLMAY00105,UTR2644847276,1:1,72532.19,72532.19,0.0,MATCHED,Reference + exact amount,Related bank line selected; any redundant related credits remain unconsumed for duplicate-credit exception handling.
MAY,MAY,MAY,Same-month settlement,MATCH_GROUP,MAY-0111,TXNMAY00096,PRMAY54735895,BLMAY00096,UTR9354542654,1:1,63745.15,63745.15,0.0,MATCHED,Reference + exact amount,Related bank line selected; any redundant related credits remain unconsumed for duplicate-credit exception handling.
MAY,MAY,MAY,Same-month settlement,MATCH_GROUP,MAY-0112,TXNMAY00066,PRMAY55298556,BLMAY00066,UTR3019952485,1:1,83595.89,83595.89,0.0,MATCHED,Reference + exact amount,Related bank line selected; any redundant related credits remain unconsumed for duplicate-credit exception handling.
MAY,MAY,MAY,Same-month settlement,MATCH_GROUP,MAY-0113,TXNMAY00121,PRMAY55461591,BLMAY00121,UTR2570991899,1:1,44624.4,44624.4,0.0,MATCHED,Reference + exact amount,Related bank line selected; any redundant related credits remain unconsumed for duplicate-credit exception handling.
MAY,MAY,MAY,Same-month settlement,MATCH_GROUP,MAY-0114,TXNMAY00139,PRMAY55490631,BLMAY00139,UTR8151583833,1:1,38029.68,38029.68,0.0,MATCHED,Reference + exact amount,Related bank line selected; any redundant related credits remain unconsumed for duplicate-credit exception handling.
MAY,MAY,MAY,Same-month settlement,MATCH_GROUP,MAY-0115,TXNMAY00156,PRMAY55568701,BLMAY00156,UTR3190227431,1:1,31808.25,31808.25,0.0,MATCHED,Reference + exact amount,Related bank line selected; any redundant related credits remain unconsumed for duplicate-credit exception handling.
MAY,MAY,MAY,Same-month settlement,MATCH_GROUP,MAY-0116,TXNMAY00077,PRMAY55679506,BLMAY00077,UTR5071897791,1:1,83660.32,83660.32,0.0,MATCHED,Reference + exact amount,Related bank line selected; any redundant related credits remain unconsumed for duplicate-credit exception handling.
MAY,MAY,MAY,Same-month settlement,MATCH_GROUP,MAY-0117,TXNMAY00147,PRMAY55754284,BLMAY00147,UTR1668210614,1:1,35312.53,35312.53,0.0,MATCHED,Reference + exact amount,Related bank line selected; any redundant related credits remain unconsumed for duplicate-credit exception handling.
MAY,MAY,MAY,Same-month settlement,MATCH_GROUP,MAY-0118,TXNMAY00163,PRMAY56095437,BLMAY00163,UTR9551219870,1:1,8240.19,8240.19,0.0,MATCHED,Reference + exact amount,Related bank line selected; any redundant related credits remain unconsumed for duplicate-credit exception handling.
MAY,MAY,MAY,Same-month settlement,MATCH_GROUP,MAY-0119,TXNMAY00183,PRMAY56278607,BLMAY00183,UTR5485387618,1:1,69696.16,69696.16,0.0,MATCHED,Reference + exact amount,Related bank line selected; any redundant related credits remain unconsumed for duplicate-credit exception handling.
MAY,MAY,MAY,Same-month settlement,MATCH_GROUP,MAY-0120,TXNMAY00036,PRMAY56843172,BLMAY00036,UTR8316648259,1:1,83560.86,83560.86,0.0,MATCHED,Reference + exact amount,Related bank line selected; any redundant related credits remain unconsumed for duplicate-credit exception handling.
MAY,MAY,MAY,Same-month settlement,MATCH_GROUP,MAY-0121,TXNMAY00157,PRMAY56892354,BLMAY00157,UTR2099375147,1:1,69169.17,69169.17,0.0,MATCHED,Reference + exact amount,Related bank line selected; any redundant related credits remain unconsumed for duplicate-credit exception handling.
MAY,MAY,MAY,Same-month settlement,MATCH_GROUP,MAY-0122,TXNMAY00191,PRMAY57183837,BLMAY00191,UTR1246351029,1:1,4263.15,4263.15,0.0,MATCHED,Reference + exact amount,Related bank line selected; any redundant related credits remain unconsumed for duplicate-credit exception handling.
MAY,MAY,MAY,Same-month settlement,MATCH_GROUP,MAY-0123,TXNMAY00181,PRMAY57354167,BLMAY00181,UTR5382302465,1:1,54320.39,54320.39,0.0,MATCHED,Reference + exact amount,Related bank line selected; any redundant related credits remain unconsumed for duplicate-credit exception handling.
MAY,MAY,MAY,Same-month settlement,MATCH_GROUP,MAY-0124,TXNMAY00043,PRMAY57469942,BLMAY00043,UTR4713453204,1:1,53298.96,53298.96,0.0,MATCHED,Reference + exact amount,Related bank line selected; any redundant related credits remain unconsumed for duplicate-credit exception handling.
MAY,MAY,MAY,Same-month settlement,MATCH_GROUP,MAY-0125,TXNMAY00200,PRMAY58438711,BLMAY00200,UTR5577353273,1:1,54473.28,54473.28,0.0,MATCHED,Reference + exact amount,Related bank line selected; any redundant related credits remain unconsumed for duplicate-credit exception handling.
MAY,MAY,MAY,Same-month settlement,MATCH_GROUP,MAY-0126,TXNMAY00171,PRMAY58895439,BLMAY00171,UTR6322188162,1:1,68430.74,68430.74,0.0,MATCHED,Reference + exact amount,Related bank line selected; any redundant related credits remain unconsumed for duplicate-credit exception handling.
MAY,MAY,MAY,Same-month settlement,MATCH_GROUP,MAY-0127,TXNMAY00161,PRMAY59491122,BLMAY00161,UTR5471158508,1:1,7520.26,7520.26,0.0,MATCHED,Reference + exact amount,Related bank line selected; any redundant related credits remain unconsumed for duplicate-credit exception handling.
MAY,MAY,MAY,Same-month settlement,MATCH_GROUP,MAY-0128,TXNMAY00207,PRMAY59733063,BLMAY00216|BLMAY00215,UTR1415802902|UTR2064803502,1:2,65529.27,65529.27,0.0,MATCHED,Reference aggregate match,All related bank lines aggregated by normalized/truncated reference.
MAY,MAY,MAY,Same-month settlement,MATCH_GROUP,MAY-0129,TXNMAY00140,PRMAY60237832,BLMAY00140,UTR5695387521,1:1,65326.29,65326.29,0.0,MATCHED,Reference + exact amount,Related bank line selected; any redundant related credits remain unconsumed for duplicate-credit exception handling.
MAY,MAY,MAY,Same-month settlement,MATCH_GROUP,MAY-0130,TXNMAY00005,PRMAY60992979,BLMAY00005,UTR8429141456,1:1,34263.3,34263.3,0.0,MATCHED,Reference + exact amount,Related bank line selected; any redundant related credits remain unconsumed for duplicate-credit exception handling.
MAY,MAY,MAY,Same-month settlement,MATCH_GROUP,MAY-0131,TXNMAY00045,PRMAY61343880,BLMAY00045,UTR1977515194,1:1,81601.71,81601.71,0.0,MATCHED,Reference + exact amount,Related bank line selected; any redundant related credits remain unconsumed for duplicate-credit exception handling.
MAY,MAY,MAY,Same-month settlement,MATCH_GROUP,MAY-0132,TXNMAY00103,PRMAY61484043,BLMAY00103,UTR5305985001,1:1,87597.01,87597.01,0.0,MATCHED,Reference + exact amount,Related bank line selected; any redundant related credits remain unconsumed for duplicate-credit exception handling.
MAY,MAY,MAY,Same-month settlement,MATCH_GROUP,MAY-0133,TXNMAY00014,PRMAY61642594,BLMAY00014,UTR9639245200,1:1,56710.43,56710.43,0.0,MATCHED,Reference + exact amount,Related bank line selected; any redundant related credits remain unconsumed for duplicate-credit exception handling.
MAY,MAY,MAY,Same-month settlement,MATCH_GROUP,MAY-0134,TXNMAY00176,PRMAY61830338,BLMAY00176,UTR4398953973,1:1,35772.98,35772.98,0.0,MATCHED,Reference + exact amount,Related bank line selected; any redundant related credits remain unconsumed for duplicate-credit exception handling.
MAY,MAY,MAY,Same-month settlement,MATCH_GROUP,MAY-0135,TXNMAY00188,PRMAY61894582,BLMAY00188,UTR4440904834,1:1,92510.31,92510.31,0.0,MATCHED,Reference + exact amount,Related bank line selected; any redundant related credits remain unconsumed for duplicate-credit exception handling.
MAY,MAY,MAY,Same-month settlement,MATCH_GROUP,MAY-0136,TXNMAY00029,PRMAY62401521,BLMAY00029,UTR3090237817,1:1,88037.59,88037.59,0.0,MATCHED,Reference + exact amount,Related bank line selected; any redundant related credits remain unconsumed for duplicate-credit exception handling.
MAY,MAY,MAY,Same-month settlement,MATCH_GROUP,MAY-0137,TXNMAY00122,PRMAY62958901,BLMAY00122,UTR7805633786,1:1,25307.45,25307.45,0.0,MATCHED,Reference + exact amount,Related bank line selected; any redundant related credits remain unconsumed for duplicate-credit exception handling.
MAY,MAY,MAY,Same-month settlement,MATCH_GROUP,MAY-0138,TXNMAY00011,PRMAY63100814,BLMAY00011,UTR7609857128,1:1,43726.21,43726.21,0.0,MATCHED,Reference + exact amount,Related bank line selected; any redundant related credits remain unconsumed for duplicate-credit exception handling.
MAY,MAY,MAY,Same-month settlement,MATCH_GROUP,MAY-0139,TXNMAY00034,PRMAY63121477,BLMAY00034,UTR5334976883,1:1,63892.65,63892.65,0.0,MATCHED,Reference + exact amount,Related bank line selected; any redundant related credits remain unconsumed for duplicate-credit exception handling.
MAY,MAY,MAY,Same-month settlement,MATCH_GROUP,MAY-0140,TXNMAY00201,PRMAY63440127,BLMAY00202|BLMAY00201|BLMAY00203,UTR2479679716|UTR7227593033|UTR5150074940,1:3,101533.16,101533.16,0.0,MATCHED,Reference aggregate match,All related bank lines aggregated by normalized/truncated reference.
MAY,MAY,MAY,Same-month settlement,MATCH_GROUP,MAY-0141,TXNMAY00086,PRMAY63782042,BLMAY00086,UTR9371430906,1:1,7269.29,7269.29,0.0,MATCHED,Reference + exact amount,Related bank line selected; any redundant related credits remain unconsumed for duplicate-credit exception handling.
MAY,MAY,MAY,Same-month settlement,MATCH_GROUP,MAY-0142,TXNMAY00093,PRMAY64023778,BLMAY00093,UTR2075321966,1:1,47669.74,47669.74,0.0,MATCHED,Reference + exact amount,Related bank line selected; any redundant related credits remain unconsumed for duplicate-credit exception handling.
MAY,MAY,MAY,Same-month settlement,MATCH_GROUP,MAY-0143,TXNMAY00052,PRMAY64502486,BLMAY00052,UTR6679017210,1:1,79245.46,79245.46,0.0,MATCHED,Reference + exact amount,Related bank line selected; any redundant related credits remain unconsumed for duplicate-credit exception handling.
MAY,MAY,MAY,Same-month settlement,MATCH_GROUP,MAY-0144,TXNMAY00101,PRMAY64759583,BLMAY00101,UTR8372755146,1:1,21540.39,21540.39,0.0,MATCHED,Reference + exact amount,Related bank line selected; any redundant related credits remain unconsumed for duplicate-credit exception handling.
MAY,MAY,MAY,Same-month settlement,MATCH_GROUP,MAY-0145,TXNMAY00106,PRMAY65133300,BLMAY00106,UTR1158998032,1:1,30397.21,30397.21,0.0,MATCHED,Reference + exact amount,Related bank line selected; any redundant related credits remain unconsumed for duplicate-credit exception handling.
MAY,MAY,MAY,Same-month settlement,MATCH_GROUP,MAY-0146,TXNMAY00025,PRMAY65177213,BLMAY00025,UTR8422620843,1:1,82098.53,82098.53,0.0,MATCHED,Reference + exact amount,Related bank line selected; any redundant related credits remain unconsumed for duplicate-credit exception handling.
MAY,MAY,MAY,Same-month settlement,MATCH_GROUP,MAY-0147,TXNMAY00149,PRMAY65590800,BLMAY00149,UTR8160279830,1:1,20675.16,20675.16,0.0,MATCHED,Reference + exact amount,Related bank line selected; any redundant related credits remain unconsumed for duplicate-credit exception handling.
MAY,MAY,MAY,Same-month settlement,MATCH_GROUP,MAY-0148,TXNMAY00055,PRMAY65625330,BLMAY00055,UTR3953315788,1:1,54794.82,54794.82,0.0,MATCHED,Reference + exact amount,Related bank line selected; any redundant related credits remain unconsumed for duplicate-credit exception handling.
MAY,MAY,MAY,Same-month settlement,MATCH_GROUP,MAY-0149,TXNMAY00189,PRMAY66975380,BLMAY00189,UTR1440654676,1:1,41050.03,41050.03,0.0,MATCHED,Reference + exact amount,Related bank line selected; any redundant related credits remain unconsumed for duplicate-credit exception handling.
MAY,MAY,MAY,Same-month settlement,MATCH_GROUP,MAY-0150,TXNMAY00202,PRMAY68065043,BLMAY00205|BLMAY00204,UTR6263354802|UTR5990610098,1:2,106511.26,106511.26,0.0,MATCHED,Reference aggregate match,All related bank lines aggregated by normalized/truncated reference.
MAY,MAY,MAY,Same-month settlement,MATCH_GROUP,MAY-0151,TXNMAY00074,PRMAY68450095,BLMAY00074,UTR6447717367,1:1,69777.11,69777.11,0.0,MATCHED,Reference + exact amount,Related bank line selected; any redundant related credits remain unconsumed for duplicate-credit exception handling.
MAY,MAY,MAY,Same-month settlement,MATCH_GROUP,MAY-0152,TXNMAY00153,PRMAY68548403,BLMAY00153,UTR8044354825,1:1,43811.72,43811.72,0.0,MATCHED,Reference + exact amount,Related bank line selected; any redundant related credits remain unconsumed for duplicate-credit exception handling.
MAY,MAY,MAY,Same-month settlement,MATCH_GROUP,MAY-0153,TXNMAY00059,PRMAY69038700,BLMAY00059,UTR1346078411,1:1,67858.38,67858.38,0.0,MATCHED,Reference + exact amount,Related bank line selected; any redundant related credits remain unconsumed for duplicate-credit exception handling.
MAY,MAY,MAY,Same-month settlement,MATCH_GROUP,MAY-0154,TXNMAY00119,PRMAY69166287,BLMAY00119,UTR8505373158,1:1,55164.62,55164.62,0.0,MATCHED,Reference + exact amount,Related bank line selected; any redundant related credits remain unconsumed for duplicate-credit exception handling.
MAY,MAY,MAY,Same-month settlement,MATCH_GROUP,MAY-0155,TXNMAY00115,PRMAY69287967,BLMAY00115,UTR8925520026,1:1,93830.0,93830.0,0.0,MATCHED,Reference + exact amount,Related bank line selected; any redundant related credits remain unconsumed for duplicate-credit exception handling.
MAY,MAY,MAY,Same-month settlement,MATCH_GROUP,MAY-0156,TXNMAY00053,PRMAY69295515,BLMAY00053,UTR2439622619,1:1,64265.68,64265.68,0.0,MATCHED,Reference + exact amount,Related bank line selected; any redundant related credits remain unconsumed for duplicate-credit exception handling.
MAY,MAY,MAY,Same-month settlement,MATCH_GROUP,MAY-0157,TXNMAY00088,PRMAY69421007,BLMAY00088,UTR4275930923,1:1,81750.79,81750.79,0.0,MATCHED,Reference + exact amount,Related bank line selected; any redundant related credits remain unconsumed for duplicate-credit exception handling.
MAY,MAY,MAY,Same-month settlement,MATCH_GROUP,MAY-0158,TXNMAY00194,PRMAY70387584,BLMAY00194,UTR7004510516,1:1,35498.27,35498.27,0.0,MATCHED,Reference + exact amount,Related bank line selected; any redundant related credits remain unconsumed for duplicate-credit exception handling.
MAY,MAY,MAY,Same-month settlement,MATCH_GROUP,MAY-0159,TXNMAY00175,PRMAY70549373,BLMAY00175,UTR2606152369,1:1,88412.22,88412.22,0.0,MATCHED,Reference + exact amount,Related bank line selected; any redundant related credits remain unconsumed for duplicate-credit exception handling.
MAY,MAY,MAY,Same-month settlement,MATCH_GROUP,MAY-0160,TXNMAY00135,PRMAY70667140,BLMAY00135,UTR1133790981,1:1,21241.84,21241.84,0.0,MATCHED,Reference + exact amount,Related bank line selected; any redundant related credits remain unconsumed for duplicate-credit exception handling.
MAY,MAY,MAY,Same-month settlement,MATCH_GROUP,MAY-0161,TXNMAY00206,PRMAY70873663,BLMAY00213|BLMAY00214,UTR5912019621|UTR2712474804,1:2,52646.44,52646.44,0.0,MATCHED,Reference aggregate match,All related bank lines aggregated by normalized/truncated reference.
MAY,MAY,MAY,Same-month settlement,MATCH_GROUP,MAY-0162,TXNMAY00126,PRMAY70887034,BLMAY00126,UTR3812868150,1:1,63778.57,63778.57,0.0,MATCHED,Reference + exact amount,Related bank line selected; any redundant related credits remain unconsumed for duplicate-credit exception handling.
MAY,MAY,MAY,Same-month settlement,MATCH_GROUP,MAY-0163,TXNMAY00138,PRMAY70896652,BLMAY00138,UTR6276339732,1:1,57614.19,57614.19,0.0,MATCHED,Reference + exact amount,Related bank line selected; any redundant related credits remain unconsumed for duplicate-credit exception handling.
MAY,MAY,MAY,Same-month settlement,MATCH_GROUP,MAY-0164,TXNMAY00016,PRMAY70897765,BLMAY00016,UTR4919706735,1:1,90624.06,90624.06,0.0,MATCHED,Reference + exact amount,Related bank line selected; any redundant related credits remain unconsumed for duplicate-credit exception handling.
MAY,MAY,MAY,Same-month settlement,MATCH_GROUP,MAY-0165,TXNMAY00114,PRMAY71894493,BLMAY00114,UTR1678500147,1:1,24314.35,24314.35,0.0,MATCHED,Reference + exact amount,Related bank line selected; any redundant related credits remain unconsumed for duplicate-credit exception handling.
MAY,MAY,MAY,Same-month settlement,MATCH_GROUP,MAY-0166,TXNMAY00284,PRMAY72059365,BLMAY00238,UTR4203205881,1:1,68780.79,68780.79,0.0,MATCHED,Reference + exact amount,Related bank line selected; any redundant related credits remain unconsumed for duplicate-credit exception handling.
MAY,MAY,MAY,Same-month settlement,MATCH_GROUP,MAY-0167,TXNMAY00064,PRMAY72732043,BLMAY00064,UTR8055556030,1:1,93173.41,93173.41,0.0,MATCHED,Reference + exact amount,Related bank line selected; any redundant related credits remain unconsumed for duplicate-credit exception handling.
MAY,MAY,MAY,Same-month settlement,MATCH_GROUP,MAY-0168,TXNMAY00172,PRMAY72950208,BLMAY00172,UTR3597009738,1:1,35102.93,35102.93,0.0,MATCHED,Reference + exact amount,Related bank line selected; any redundant related credits remain unconsumed for duplicate-credit exception handling.
MAY,MAY,MAY,Same-month settlement,MATCH_GROUP,MAY-0169,TXNMAY00182,PRMAY73100462,BLMAY00182,UTR4386667704,1:1,60479.81,60479.81,0.0,MATCHED,Reference + exact amount,Related bank line selected; any redundant related credits remain unconsumed for duplicate-credit exception handling.
MAY,MAY,MAY,Same-month settlement,MATCH_GROUP,MAY-0170,TXNMAY00062,PRMAY74019136,BLMAY00062,UTR6242173772,1:1,89574.77,89574.77,0.0,MATCHED,Reference + exact amount,Related bank line selected; any redundant related credits remain unconsumed for duplicate-credit exception handling.
MAY,MAY,MAY,Same-month settlement,MATCH_GROUP,MAY-0171,TXNMAY00085,PRMAY74251933,BLMAY00085,UTR4530959836,1:1,32531.89,32531.89,0.0,MATCHED,Reference + exact amount,Related bank line selected; any redundant related credits remain unconsumed for duplicate-credit exception handling.
MAY,MAY,MAY,Same-month settlement,MATCH_GROUP,MAY-0172,TXNMAY00136,PRMAY74287863,BLMAY00136,UTR4862321353,1:1,40639.43,40639.43,0.0,MATCHED,Reference + exact amount,Related bank line selected; any redundant related credits remain unconsumed for duplicate-credit exception handling.
MAY,MAY,MAY,Same-month settlement,MATCH_GROUP,MAY-0173,TXNMAY00019,PRMAY75228535,BLMAY00019,UTR6004182187,1:1,92914.03,92914.03,0.0,MATCHED,Reference + exact amount,Related bank line selected; any redundant related credits remain unconsumed for duplicate-credit exception handling.
MAY,MAY,MAY,Same-month settlement,MATCH_GROUP,MAY-0174,TXNMAY00127,PRMAY75679047,BLMAY00127,UTR7199283151,1:1,38918.98,38918.98,0.0,MATCHED,Reference + exact amount,Related bank line selected; any redundant related credits remain unconsumed for duplicate-credit exception handling.
MAY,MAY,MAY,Same-month settlement,MATCH_GROUP,MAY-0175,TXNMAY00107,PRMAY77416376,BLMAY00107,UTR9205284543,1:1,31706.5,31706.5,0.0,MATCHED,Reference + exact amount,Related bank line selected; any redundant related credits remain unconsumed for duplicate-credit exception handling.
MAY,MAY,MAY,Same-month settlement,MATCH_GROUP,MAY-0176,TXNMAY00102,PRMAY78299645,BLMAY00102,UTR3367665472,1:1,26157.01,26157.01,0.0,MATCHED,Reference + exact amount,Related bank line selected; any redundant related credits remain unconsumed for duplicate-credit exception handling.
MAY,MAY,MAY,Same-month settlement,MATCH_GROUP,MAY-0177,TXNMAY00283,PRMAY78501420,BLMAY00235,UTR7499349987,1:1,76873.57,76873.57,0.0,MATCHED,Reference + exact amount,Related bank line selected; any redundant related credits remain unconsumed for duplicate-credit exception handling.
MAY,MAY,MAY,Same-month settlement,MATCH_GROUP,MAY-0178,TXNMAY00021,PRMAY79467853,BLMAY00021,UTR1945826486,1:1,11715.15,11715.15,0.0,MATCHED,Reference + exact amount,Related bank line selected; any redundant related credits remain unconsumed for duplicate-credit exception handling.
MAY,MAY,MAY,Same-month settlement,MATCH_GROUP,MAY-0179,TXNMAY00203,PRMAY79645282,BLMAY00207|BLMAY00206,UTR9991206531|UTR7979417888,1:2,60048.42,60048.42,0.0,MATCHED,Reference aggregate match,All related bank lines aggregated by normalized/truncated reference.
MAY,MAY,MAY,Same-month settlement,MATCH_GROUP,MAY-0180,TXNMAY00164,PRMAY80339290,BLMAY00164,UTR3567900251,1:1,58029.06,58029.06,0.0,MATCHED,Reference + exact amount,Related bank line selected; any redundant related credits remain unconsumed for duplicate-credit exception handling.
MAY,MAY,MAY,Same-month settlement,MATCH_GROUP,MAY-0181,TXNMAY00134,PRMAY80610004,BLMAY00134,UTR3549776132,1:1,70901.78,70901.78,0.0,MATCHED,Reference + exact amount,Related bank line selected; any redundant related credits remain unconsumed for duplicate-credit exception handling.
MAY,MAY,MAY,Same-month settlement,MATCH_GROUP,MAY-0182,TXNMAY00020,PRMAY80823176,BLMAY00020,UTR6898796145,1:1,40342.32,40342.32,0.0,MATCHED,Reference + exact amount,Related bank line selected; any redundant related credits remain unconsumed for duplicate-credit exception handling.
MAY,MAY,MAY,Same-month settlement,MATCH_GROUP,MAY-0183,TXNMAY00047,PRMAY81969657,BLMAY00047,UTR2140169349,1:1,89242.72,89242.72,0.0,MATCHED,Reference + exact amount,Related bank line selected; any redundant related credits remain unconsumed for duplicate-credit exception handling.
MAY,MAY,MAY,Same-month settlement,MATCH_GROUP,MAY-0184,TXNMAY00006,PRMAY81971316,BLMAY00006,UTR1298737106,1:1,92452.72,92452.72,0.0,MATCHED,Reference + exact amount,Related bank line selected; any redundant related credits remain unconsumed for duplicate-credit exception handling.
MAY,MAY,MAY,Same-month settlement,MATCH_GROUP,MAY-0185,TXNMAY00067,PRMAY82399599,BLMAY00067,UTR4239406957,1:1,94991.27,94991.27,0.0,MATCHED,Reference + exact amount,Related bank line selected; any redundant related credits remain unconsumed for duplicate-credit exception handling.
MAY,MAY,MAY,Same-month settlement,MATCH_GROUP,MAY-0186,TXNMAY00061,PRMAY82828034,BLMAY00061,UTR7767538527,1:1,39644.61,39644.61,0.0,MATCHED,Reference + exact amount,Related bank line selected; any redundant related credits remain unconsumed for duplicate-credit exception handling.
MAY,MAY,MAY,Same-month settlement,MATCH_GROUP,MAY-0187,TXNMAY00002,PRMAY83197857,BLMAY00002,UTR3585650756,1:1,56199.17,56199.17,0.0,MATCHED,Reference + exact amount,Related bank line selected; any redundant related credits remain unconsumed for duplicate-credit exception handling.
MAY,MAY,MAY,Same-month settlement,MATCH_GROUP,MAY-0188,TXNMAY00184,PRMAY83284724,BLMAY00184,UTR4485356009,1:1,77329.97,77329.97,0.0,MATCHED,Reference + exact amount,Related bank line selected; any redundant related credits remain unconsumed for duplicate-credit exception handling.
MAY,MAY,MAY,Same-month settlement,MATCH_GROUP,MAY-0189,TXNMAY00058,PRMAY83534128,BLMAY00058,UTR6322520473,1:1,85260.47,85260.47,0.0,MATCHED,Reference + exact amount,Related bank line selected; any redundant related credits remain unconsumed for duplicate-credit exception handling.
MAY,MAY,MAY,Same-month settlement,MATCH_GROUP,MAY-0190,TXNMAY00097,PRMAY83832717,BLMAY00097,UTR5243939720,1:1,43344.75,43344.75,0.0,MATCHED,Reference + exact amount,Related bank line selected; any redundant related credits remain unconsumed for duplicate-credit exception handling.
MAY,MAY,MAY,Same-month settlement,MATCH_GROUP,MAY-0191,TXNMAY00080,PRMAY84285882,BLMAY00080,UTR6611903015,1:1,32821.01,32821.01,0.0,MATCHED,Reference + exact amount,Related bank line selected; any redundant related credits remain unconsumed for duplicate-credit exception handling.
MAY,MAY,MAY,Same-month settlement,MATCH_GROUP,MAY-0192,TXNMAY00003,PRMAY85329037,BLMAY00003,UTR4733616459,1:1,68092.86,68092.86,0.0,MATCHED,Reference + exact amount,Related bank line selected; any redundant related credits remain unconsumed for duplicate-credit exception handling.
MAY,MAY,MAY,Same-month settlement,MATCH_GROUP,MAY-0193,TXNMAY00196,PRMAY85386435,BLMAY00196,UTR9584045520,1:1,25053.34,25053.34,0.0,MATCHED,Reference + exact amount,Related bank line selected; any redundant related credits remain unconsumed for duplicate-credit exception handling.
MAY,MAY,MAY,Same-month settlement,MATCH_GROUP,MAY-0194,TXNMAY00069,PRMAY85694715,BLMAY00069,UTR4518871744,1:1,44311.97,44311.97,0.0,MATCHED,Reference + exact amount,Related bank line selected; any redundant related credits remain unconsumed for duplicate-credit exception handling.
MAY,MAY,MAY,Same-month settlement,MATCH_GROUP,MAY-0195,TXNMAY00072,PRMAY85958181,BLMAY00072,UTR8076144396,1:1,33147.56,33147.56,0.0,MATCHED,Reference + exact amount,Related bank line selected; any redundant related credits remain unconsumed for duplicate-credit exception handling.
MAY,MAY,MAY,Same-month settlement,MATCH_GROUP,MAY-0196,TXNMAY00162,PRMAY86726461,BLMAY00162,UTR2934982045,1:1,18085.69,18085.69,0.0,MATCHED,Reference + exact amount,Related bank line selected; any redundant related credits remain unconsumed for duplicate-credit exception handling.
MAY,MAY,MAY,Same-month settlement,MATCH_GROUP,MAY-0197,TXNMAY00297,PRMAY87324220,BLMAY00246,UTR6244338653,1:1,36761.11,36440.72,-320.39,PARTIAL_MATCH,Reference aggregate match,"Related bank lines found, but the net amount does not fully reconcile."
MAY,MAY,MAY,Same-month settlement,MATCH_GROUP,MAY-0198,TXNMAY00285,PRMAY87619624,BLMAY00239,UTR4840638976,1:1,4541.21,4541.21,0.0,MATCHED,Reference + exact amount,Related bank line selected; any redundant related credits remain unconsumed for duplicate-credit exception handling.
MAY,MAY,MAY,Same-month settlement,MATCH_GROUP,MAY-0199,TXNMAY00031,PRMAY88406989,BLMAY00031,UTR9884231465,1:1,47895.07,47895.07,0.0,MATCHED,Reference + exact amount,Related bank line selected; any redundant related credits remain unconsumed for duplicate-credit exception handling.
MAY,MAY,MAY,Same-month settlement,MATCH_GROUP,MAY-0200,TXNMAY00012,PRMAY88461803,BLMAY00012,UTR7483366056,1:1,85318.72,85318.72,0.0,MATCHED,Reference + exact amount,Related bank line selected; any redundant related credits remain unconsumed for duplicate-credit exception handling.
MAY,MAY,MAY,Same-month settlement,MATCH_GROUP,MAY-0201,TXNMAY00131,PRMAY88703005,BLMAY00131,UTR5307145891,1:1,77286.77,77286.77,0.0,MATCHED,Reference + exact amount,Related bank line selected; any redundant related credits remain unconsumed for duplicate-credit exception handling.
MAY,MAY,MAY,Same-month settlement,MATCH_GROUP,MAY-0202,TXNMAY00082,PRMAY89133014,BLMAY00082,UTR6272000062,1:1,49959.34,49959.34,0.0,MATCHED,Reference + exact amount,Related bank line selected; any redundant related credits remain unconsumed for duplicate-credit exception handling.
MAY,MAY,MAY,Same-month settlement,MATCH_GROUP,MAY-0203,TXNMAY00160,PRMAY89379016,BLMAY00160,UTR1161521910,1:1,33596.53,33596.53,0.0,MATCHED,Reference + exact amount,Related bank line selected; any redundant related credits remain unconsumed for duplicate-credit exception handling.
MAY,MAY,MAY,Same-month settlement,MATCH_GROUP,MAY-0204,TXNMAY00071,PRMAY89470029,BLMAY00071,UTR4459716271,1:1,78946.66,78946.66,0.0,MATCHED,Reference + exact amount,Related bank line selected; any redundant related credits remain unconsumed for duplicate-credit exception handling.
MAY,MAY,MAY,Same-month settlement,MATCH_GROUP,MAY-0205,TXNMAY00180,PRMAY90092958,BLMAY00180,UTR9596653373,1:1,1807.25,1807.25,0.0,MATCHED,Reference + exact amount,Related bank line selected; any redundant related credits remain unconsumed for duplicate-credit exception handling.
MAY,MAY,MAY,Same-month settlement,MATCH_GROUP,MAY-0206,TXNMAY00170,PRMAY90161060,BLMAY00170,UTR5482624860,1:1,14865.45,14865.45,0.0,MATCHED,Reference + exact amount,Related bank line selected; any redundant related credits remain unconsumed for duplicate-credit exception handling.
MAY,MAY,MAY,Same-month settlement,MATCH_GROUP,MAY-0207,TXNMAY00124,PRMAY91883846,BLMAY00124,UTR1600337712,1:1,61615.06,61615.06,0.0,MATCHED,Reference + exact amount,Related bank line selected; any redundant related credits remain unconsumed for duplicate-credit exception handling.
MAY,MAY,MAY,Same-month settlement,MATCH_GROUP,MAY-0208,TXNMAY00037,PRMAY92097999,BLMAY00037,UTR3376077463,1:1,50367.13,50367.13,0.0,MATCHED,Reference + exact amount,Related bank line selected; any redundant related credits remain unconsumed for duplicate-credit exception handling.
MAY,MAY,MAY,Same-month settlement,MATCH_GROUP,MAY-0209,TXNMAY00148,PRMAY92924837,BLMAY00148,UTR7902338893,1:1,64108.54,64108.54,0.0,MATCHED,Reference + exact amount,Related bank line selected; any redundant related credits remain unconsumed for duplicate-credit exception handling.
MAY,MAY,MAY,Same-month settlement,MATCH_GROUP,MAY-0210,TXNMAY00033,PRMAY93131979,BLMAY00033,UTR6320115677,1:1,39971.56,39971.56,0.0,MATCHED,Reference + exact amount,Related bank line selected; any redundant related credits remain unconsumed for duplicate-credit exception handling.
MAY,MAY,MAY,Same-month settlement,MATCH_GROUP,MAY-0211,TXNMAY00035,PRMAY93370583,BLMAY00035,UTR2139027119,1:1,94630.14,94630.14,0.0,MATCHED,Reference + exact amount,Related bank line selected; any redundant related credits remain unconsumed for duplicate-credit exception handling.
MAY,MAY,MAY,Same-month settlement,MATCH_GROUP,MAY-0212,TXNMAY00050,PRMAY93638503,BLMAY00050,UTR6695912196,1:1,63105.96,63105.96,0.0,MATCHED,Reference + exact amount,Related bank line selected; any redundant related credits remain unconsumed for duplicate-credit exception handling.
MAY,MAY,MAY,Same-month settlement,MATCH_GROUP,MAY-0213,TXNMAY00017,PRMAY93926371,BLMAY00017,UTR9592390865,1:1,79998.17,79998.17,0.0,MATCHED,Reference + exact amount,Related bank line selected; any redundant related credits remain unconsumed for duplicate-credit exception handling.
MAY,MAY,MAY,Same-month settlement,MATCH_GROUP,MAY-0214,TXNMAY00099,PRMAY93940940,BLMAY00099,UTR8293928340,1:1,72259.1,72259.1,0.0,MATCHED,Reference + exact amount,Related bank line selected; any redundant related credits remain unconsumed for duplicate-credit exception handling.
MAY,MAY,MAY,Same-month settlement,MATCH_GROUP,MAY-0215,TXNMAY00089,PRMAY93955206,BLMAY00089,UTR3370788647,1:1,25325.22,25325.22,0.0,MATCHED,Reference + exact amount,Related bank line selected; any redundant related credits remain unconsumed for duplicate-credit exception handling.
MAY,MAY,MAY,Same-month settlement,MATCH_GROUP,MAY-0216,TXNMAY00159,PRMAY94183695,BLMAY00159,UTR8715177240,1:1,14553.21,14553.21,0.0,MATCHED,Reference + exact amount,Related bank line selected; any redundant related credits remain unconsumed for duplicate-credit exception handling.
MAY,MAY,MAY,Same-month settlement,MATCH_GROUP,MAY-0217,TXNMAY00165,PRMAY94676162,BLMAY00165,UTR5940815822,1:1,31958.03,31958.03,0.0,MATCHED,Reference + exact amount,Related bank line selected; any redundant related credits remain unconsumed for duplicate-credit exception handling.
MAY,MAY,MAY,Same-month settlement,MATCH_GROUP,MAY-0218,TXNMAY00111,PRMAY95060193,BLMAY00111,UTR5492496998,1:1,82926.88,82926.88,0.0,MATCHED,Reference + exact amount,Related bank line selected; any redundant related credits remain unconsumed for duplicate-credit exception handling.
MAY,MAY,MAY,Same-month settlement,MATCH_GROUP,MAY-0219,TXNMAY00008,PRMAY95320121,BLMAY00008,UTR4131575764,1:1,15661.48,15661.48,0.0,MATCHED,Reference + exact amount,Related bank line selected; any redundant related credits remain unconsumed for duplicate-credit exception handling.
MAY,MAY,MAY,Same-month settlement,MATCH_GROUP,MAY-0220,TXNMAY00040,PRMAY95511909,BLMAY00040,UTR1041531046,1:1,15559.89,15559.89,0.0,MATCHED,Reference + exact amount,Related bank line selected; any redundant related credits remain unconsumed for duplicate-credit exception handling.
MAY,MAY,MAY,Same-month settlement,MATCH_GROUP,MAY-0221,TXNMAY00192,PRMAY95565484,BLMAY00192,UTR1149460439,1:1,34673.73,34673.73,0.0,MATCHED,Reference + exact amount,Related bank line selected; any redundant related credits remain unconsumed for duplicate-credit exception handling.
MAY,MAY,MAY,Same-month settlement,MATCH_GROUP,MAY-0222,TXNMAY00199,PRMAY95590648,BLMAY00199,UTR3121808073,1:1,75452.73,75452.73,0.0,MATCHED,Reference + exact amount,Related bank line selected; any redundant related credits remain unconsumed for duplicate-credit exception handling.
MAY,MAY,MAY,Same-month settlement,MATCH_GROUP,MAY-0223,TXNMAY00123,PRMAY95704631,BLMAY00123,UTR7706193636,1:1,10515.79,10515.79,0.0,MATCHED,Reference + exact amount,Related bank line selected; any redundant related credits remain unconsumed for duplicate-credit exception handling.
MAY,MAY,MAY,Same-month settlement,MATCH_GROUP,MAY-0224,TXNMAY00001,PRMAY95822412,BLMAY00001,UTR4163119785,1:1,2619.77,2619.77,0.0,MATCHED,Reference + exact amount,Related bank line selected; any redundant related credits remain unconsumed for duplicate-credit exception handling.
MAY,MAY,MAY,Same-month settlement,MATCH_GROUP,MAY-0225,TXNMAY00204,PRMAY96031876,BLMAY00209|BLMAY00208,UTR1348849508|UTR4709911999,1:2,53696.05,53696.05,0.0,MATCHED,Reference aggregate match,All related bank lines aggregated by normalized/truncated reference.
MAY,MAY,MAY,Same-month settlement,MATCH_GROUP,MAY-0226,TXNMAY00205,PRMAY96094462,BLMAY00210|BLMAY00212|BLMAY00211,UTR7638204740|UTR7039121410|UTR6592451645,1:3,92090.4,92090.4,0.0,MATCHED,Reference aggregate match,All related bank lines aggregated by normalized/truncated reference.
MAY,MAY,MAY,Same-month settlement,MATCH_GROUP,MAY-0227,TXNMAY00195,PRMAY97182566,BLMAY00195,UTR7518666304,1:1,23900.7,23900.7,0.0,MATCHED,Reference + exact amount,Related bank line selected; any redundant related credits remain unconsumed for duplicate-credit exception handling.
MAY,MAY,MAY,Same-month settlement,MATCH_GROUP,MAY-0228,TXNMAY00109,PRMAY97219599,BLMAY00109,UTR9744120054,1:1,80954.76,80954.76,0.0,MATCHED,Reference + exact amount,Related bank line selected; any redundant related credits remain unconsumed for duplicate-credit exception handling.
MAY,MAY,MAY,Same-month settlement,MATCH_GROUP,MAY-0229,TXNMAY00098,PRMAY98269682,BLMAY00098,UTR8543865915,1:1,44022.26,44022.26,0.0,MATCHED,Reference + exact amount,Related bank line selected; any redundant related credits remain unconsumed for duplicate-credit exception handling.
MAY,MAY,MAY,Same-month settlement,MATCH_GROUP,MAY-0230,TXNMAY00007,PRMAY98753260,BLMAY00007,UTR6488854841,1:1,73498.23,73498.23,0.0,MATCHED,Reference + exact amount,Related bank line selected; any redundant related credits remain unconsumed for duplicate-credit exception handling.
MAY,MAY,MAY,Same-month settlement,MATCH_GROUP,MAY-0231,TXNMAY00142,PRMAY99927658,BLMAY00142,UTR6636925105,1:1,39174.12,39174.12,0.0,MATCHED,Reference + exact amount,Related bank line selected; any redundant related credits remain unconsumed for duplicate-credit exception handling.
MAY,MAY,MAY,Same-month settlement,MATCH_GROUP,MAY-0232,TXNMAY00277|TXNMAY00281|TXNMAY00278|TXNMAY00280|TXNMAY00279,PRMAY83717007|PRMAY25060409|PRMAY99133246|PRMAY80890196|PRMAY89968863,BLMAY00232,UTR3304937838,5:1,73185.39,73185.39,0.0,MATCHED,Merchant/date net-settlement subset match,Internal transactions matched as one settlement group based on merchant/date and exact net total.
MAY,MAY,MAY,Same-month settlement,MATCH_GROUP,MAY-0233,TXNMAY00273|TXNMAY00276|TXNMAY00275|TXNMAY00272|TXNMAY00274,PRMAY58258264|PRMAY49599276|PRMAY64414096|PRMAY50526484|PRMAY25867870,BLMAY00230|BLMAY00231,UTR3639796200|UTR5868640848,5:2,49631.04,49631.04,-0.0,MATCHED,Merchant/date net-settlement subset match,Internal transactions matched as one settlement group based on merchant/date and exact net total.
JUNE,JUN,,Unsettled,MATCH_GROUP,JUN-0001,TXNJUN00588|TXNJUN00587,PRJUN22225702|PRJUN22225702,,,2:0,0.0,0.0,0.0,EXCEPTION,Internal self-netting pair,Offsetting SALE and REVERSAL share payment_ref and net to zero; no bank settlement expected.
JUNE,JUN,,Unsettled,MATCH_GROUP,JUN-0002,TXNJUN00589|TXNJUN00590,PRJUN39765498|PRJUN39765498,,,2:0,0.0,0.0,0.0,EXCEPTION,Internal self-netting pair,Offsetting SALE and REVERSAL share payment_ref and net to zero; no bank settlement expected.
JUNE,JUN,,Unsettled,MATCH_GROUP,JUN-0003,TXNJUN00585|TXNJUN00586,PRJUN55424358|PRJUN55424358,,,2:0,0.0,0.0,0.0,EXCEPTION,Internal self-netting pair,Offsetting SALE and REVERSAL share payment_ref and net to zero; no bank settlement expected.
JUNE,JUN,JUN,Same-month settlement,MATCH_GROUP,JUN-0004,TXNJUN00520|TXNJUN00522|TXNJUN00523|TXNJUN00525|TXNJUN00526|TXNJUN00521|TXNJUN00524,PRJUN21425533|PRJUN96695458|PRJUN39633659|PRJUN83665549|PRJUN19817298|PRJUN56150987|PRJUN34341456,BLJUN00476,UTR2076695131,7:1,62420.72,61968.46,-452.26,PARTIAL_MATCH,Batch ID match,Batch settlement is net of charges; bank amount is short versus internal batch total.
JUNE,JUN,JUN,Same-month settlement,MATCH_GROUP,JUN-0005,TXNJUN00532|TXNJUN00529|TXNJUN00528|TXNJUN00531|TXNJUN00534|TXNJUN00527|TXNJUN00530|TXNJUN00533,PRJUN58921480|PRJUN19369589|PRJUN41478466|PRJUN51027069|PRJUN39732676|PRJUN57934299|PRJUN70484679|PRJUN32634412,BLJUN00477,UTR2543980627,8:1,95250.77,94976.26,-274.51,PARTIAL_MATCH,Batch ID match,Batch settlement is net of charges; bank amount is short versus internal batch total.
JUNE,JUN,JUN,Same-month settlement,MATCH_GROUP,JUN-0006,TXNJUN00539|TXNJUN00537|TXNJUN00538|TXNJUN00536|TXNJUN00540|TXNJUN00535,PRJUN94103363|PRJUN21002322|PRJUN28790705|PRJUN24607269|PRJUN12500515|PRJUN58149482,BLJUN00478,UTR7781327255,6:1,70172.53,70172.53,0.0,MATCHED,Batch ID match,Batch total agrees.
JUNE,JUN,JUN,Same-month settlement,MATCH_GROUP,JUN-0007,TXNJUN00543|TXNJUN00541|TXNJUN00545|TXNJUN00544|TXNJUN00542,PRJUN89134873|PRJUN82943217|PRJUN77399750|PRJUN77259613|PRJUN29949181,BLJUN00479,UTR3846182436,5:1,44009.0,44009.0,0.0,MATCHED,Batch ID match,Batch total agrees.
JUNE,JUN,JUN,Same-month settlement,MATCH_GROUP,JUN-0008,TXNJUN00547|TXNJUN00549|TXNJUN00548|TXNJUN00546|TXNJUN00550,PRJUN85942072|PRJUN75450221|PRJUN74894729|PRJUN31370471|PRJUN59584751,BLJUN00480,UTR9773795424,5:1,32645.62,32645.62,0.0,MATCHED,Batch ID match,Batch total agrees.
JUNE,JUN,JUN,Same-month settlement,MATCH_GROUP,JUN-0009,TXNJUN00554|TXNJUN00556|TXNJUN00555|TXNJUN00553|TXNJUN00558|TXNJUN00552|TXNJUN00557|TXNJUN00551,PRJUN45341684|PRJUN20447168|PRJUN60803895|PRJUN79977486|PRJUN56309454|PRJUN97043518|PRJUN39917031|PRJUN71021210,BLJUN00481,UTR8699405145,8:1,63663.38,63663.38,0.0,MATCHED,Batch ID match,Batch total agrees.
JUNE,JUN,JUN,Same-month settlement,MATCH_GROUP,JUN-0010,TXNJUN00560|TXNJUN00559|TXNJUN00561|TXNJUN00562,PRJUN79060560|PRJUN69042204|PRJUN35086055|PRJUN25882013,BLJUN00482,UTR5781753301,4:1,34872.42,34872.42,0.0,MATCHED,Batch ID match,Batch total agrees.
JUNE,JUN,JUN,Same-month settlement,MATCH_GROUP,JUN-0011,TXNJUN00569|TXNJUN00566|TXNJUN00563|TXNJUN00565|TXNJUN00567|TXNJUN00568|TXNJUN00564,PRJUN98817918|PRJUN15260108|PRJUN31642106|PRJUN31626387|PRJUN44663022|PRJUN64419425|PRJUN15790734,BLJUN00483,UTR5068424407,7:1,59801.16,59801.16,0.0,MATCHED,Batch ID match,Batch total agrees.
JUNE,JUN,JUN,Same-month settlement,MATCH_GROUP,JUN-0012,TXNJUN00421,PRJUN10241310,BLJUN00367,UTR7882206934,1:1,90139.15,90139.15,0.0,MATCHED,Reference + exact amount,Related bank line selected; any redundant related credits remain unconsumed for duplicate-credit exception handling.
JUNE,JUN,JUN,Same-month settlement,MATCH_GROUP,JUN-0013,TXNJUN00494,PRJUN10294869,BLJUN00440,UTR6000009225,1:1,33899.42,33899.42,0.0,MATCHED,Reference + exact amount,Related bank line selected; any redundant related credits remain unconsumed for duplicate-credit exception handling.
JUNE,JUN,JUN,Same-month settlement,MATCH_GROUP,JUN-0014,TXNJUN00467,PRJUN10553491,BLJUN00413,UTR5736095750,1:1,69758.91,69758.91,0.0,MATCHED,Reference + exact amount,Related bank line selected; any redundant related credits remain unconsumed for duplicate-credit exception handling.
JUNE,JUN,JUN,Same-month settlement,MATCH_GROUP,JUN-0015,TXNJUN00581,PRJUN10954835,BLJUN00490,UTR6651754819,1:1,49760.72,49760.72,0.0,MATCHED,Reference + exact amount,Related bank line selected; any redundant related credits remain unconsumed for duplicate-credit exception handling.
JUNE,JUN,JUN,Same-month settlement,MATCH_GROUP,JUN-0016,TXNJUN00341,PRJUN11415698,BLJUN00287,UTR5942411853,1:1,24765.46,24765.46,0.0,MATCHED,Reference + exact amount,Related bank line selected; any redundant related credits remain unconsumed for duplicate-credit exception handling.
JUNE,JUN,JUN,Same-month settlement,MATCH_GROUP,JUN-0017,TXNJUN00404,PRJUN11604831,BLJUN00350,UTR3768901084,1:1,78927.78,78927.78,0.0,MATCHED,Reference + exact amount,Related bank line selected; any redundant related credits remain unconsumed for duplicate-credit exception handling.
JUNE,JUN,JUN,Same-month settlement,MATCH_GROUP,JUN-0018,TXNJUN00388,PRJUN11649277,BLJUN00334,UTR4682870880,1:1,4606.75,4606.75,0.0,MATCHED,Reference + exact amount,Related bank line selected; any redundant related credits remain unconsumed for duplicate-credit exception handling.
JUNE,JUN,JUN,Same-month settlement,MATCH_GROUP,JUN-0019,TXNJUN00440,PRJUN11659440,BLJUN00386,UTR5035765954,1:1,59284.74,59284.74,0.0,MATCHED,Reference + exact amount,Related bank line selected; any redundant related credits remain unconsumed for duplicate-credit exception handling.
JUNE,JUN,JUN,Same-month settlement,MATCH_GROUP,JUN-0020,TXNJUN00477,PRJUN11711195,BLJUN00423,UTR5077839614,1:1,8683.02,8683.02,0.0,MATCHED,Reference + exact amount,Related bank line selected; any redundant related credits remain unconsumed for duplicate-credit exception handling.
JUNE,JUN,JUN,Same-month settlement,MATCH_GROUP,JUN-0021,TXNJUN00379,PRJUN12240013,BLJUN00325,UTR8589679668,1:1,6648.71,6648.71,0.0,MATCHED,Reference + exact amount,Related bank line selected; any redundant related credits remain unconsumed for duplicate-credit exception handling.
JUNE,JUN,JUN,Same-month settlement,MATCH_GROUP,JUN-0022,TXNJUN00470,PRJUN12566878,BLJUN00416,UTR3167384632,1:1,21504.45,21504.45,0.0,MATCHED,Reference + exact amount,Related bank line selected; any redundant related credits remain unconsumed for duplicate-credit exception handling.
JUNE,JUN,JUN,Same-month settlement,MATCH_GROUP,JUN-0023,TXNJUN00427,PRJUN12694823,BLJUN00373,UTR9108603060,1:1,24991.85,24991.85,0.0,MATCHED,Reference + exact amount,Related bank line selected; any redundant related credits remain unconsumed for duplicate-credit exception handling.
JUNE,JUN,JUN,Same-month settlement,MATCH_GROUP,JUN-0024,TXNJUN00342,PRJUN13296743,BLJUN00288,UTR6791027463,1:1,10156.05,10156.05,0.0,MATCHED,Reference + exact amount,Related bank line selected; any redundant related credits remain unconsumed for duplicate-credit exception handling.
JUNE,JUN,JUN,Same-month settlement,MATCH_GROUP,JUN-0025,TXNJUN00457,PRJUN13416548,BLJUN00403,UTR9741628563,1:1,47376.08,47376.08,0.0,MATCHED,Reference + exact amount,Related bank line selected; any redundant related credits remain unconsumed for duplicate-credit exception handling.
JUNE,JUN,JUN,Same-month settlement,MATCH_GROUP,JUN-0026,TXNJUN00346,PRJUN13918120,BLJUN00292,UTR9609047368,1:1,58436.63,58436.63,0.0,MATCHED,Reference + exact amount,Related bank line selected; any redundant related credits remain unconsumed for duplicate-credit exception handling.
JUNE,JUN,JUN,Same-month settlement,MATCH_GROUP,JUN-0027,TXNJUN00449,PRJUN14102122,BLJUN00395,UTR7662927609,1:1,35541.23,35541.23,0.0,MATCHED,Reference + exact amount,Related bank line selected; any redundant related credits remain unconsumed for duplicate-credit exception handling.
JUNE,JUN,JUN,Same-month settlement,MATCH_GROUP,JUN-0028,TXNJUN00403,PRJUN14171767,BLJUN00349,UTR1600406558,1:1,81223.47,81223.47,0.0,MATCHED,Reference + exact amount,Related bank line selected; any redundant related credits remain unconsumed for duplicate-credit exception handling.
JUNE,JUN,JUN,Same-month settlement,MATCH_GROUP,JUN-0029,TXNJUN00466,PRJUN15063406,BLJUN00412,UTR1818520766,1:1,19144.5,19144.5,0.0,MATCHED,Reference + exact amount,Related bank line selected; any redundant related credits remain unconsumed for duplicate-credit exception handling.
JUNE,JUN,JUN,Same-month settlement,MATCH_GROUP,JUN-0030,TXNJUN00438,PRJUN15727862,BLJUN00384,UTR6402580787,1:1,7675.42,7675.42,0.0,MATCHED,Reference + exact amount,Related bank line selected; any redundant related credits remain unconsumed for duplicate-credit exception handling.
JUNE,JUN,JUN,Same-month settlement,MATCH_GROUP,JUN-0031,TXNJUN00396,PRJUN15892193,BLJUN00342,UTR3494390866,1:1,85267.99,85267.99,0.0,MATCHED,Reference + exact amount,Related bank line selected; any redundant related credits remain unconsumed for duplicate-credit exception handling.
JUNE,JUN,JUN,Same-month settlement,MATCH_GROUP,JUN-0032,TXNJUN00444,PRJUN16615722,BLJUN00390,UTR6596578419,1:1,45276.92,45276.92,0.0,MATCHED,Reference + exact amount,Related bank line selected; any redundant related credits remain unconsumed for duplicate-credit exception handling.
JUNE,JUN,JUN,Same-month settlement,MATCH_GROUP,JUN-0033,TXNJUN00431,PRJUN17315517,BLJUN00377,UTR1416555576,1:1,611.53,611.53,0.0,MATCHED,Reference + exact amount,Related bank line selected; any redundant related credits remain unconsumed for duplicate-credit exception handling.
JUNE,JUN,JUN,Same-month settlement,MATCH_GROUP,JUN-0034,TXNJUN00448,PRJUN17734634,BLJUN00394,UTR4964570811,1:1,3383.48,3383.48,0.0,MATCHED,Reference + exact amount,Related bank line selected; any redundant related credits remain unconsumed for duplicate-credit exception handling.
JUNE,JUN,JUN,Same-month settlement,MATCH_GROUP,JUN-0035,TXNJUN00483,PRJUN17871385,BLJUN00429,UTR7920580262,1:1,10076.82,10076.82,0.0,MATCHED,Reference + exact amount,Related bank line selected; any redundant related credits remain unconsumed for duplicate-credit exception handling.
JUNE,JUN,JUN,Same-month settlement,MATCH_GROUP,JUN-0036,TXNJUN00504,PRJUN18325904,BLJUN00450,UTR8791183272,1:1,74567.86,74567.86,0.0,MATCHED,Reference + exact amount,Related bank line selected; any redundant related credits remain unconsumed for duplicate-credit exception handling.
JUNE,JUN,JUN,Same-month settlement,MATCH_GROUP,JUN-0037,TXNJUN00439,PRJUN18994192,BLJUN00385,UTR7527011028,1:1,37022.39,37022.39,0.0,MATCHED,Reference + exact amount,Related bank line selected; any redundant related credits remain unconsumed for duplicate-credit exception handling.
JUNE,JUN,JUN,Same-month settlement,MATCH_GROUP,JUN-0038,TXNJUN00399,PRJUN20024377,BLJUN00345,UTR7225841764,1:1,13146.6,13146.6,0.0,MATCHED,Reference + exact amount,Related bank line selected; any redundant related credits remain unconsumed for duplicate-credit exception handling.
JUNE,JUN,JUN,Same-month settlement,MATCH_GROUP,JUN-0039,TXNJUN00416,PRJUN22114140,BLJUN00362,UTR3637688758,1:1,22291.06,22291.06,0.0,MATCHED,Reference + exact amount,Related bank line selected; any redundant related credits remain unconsumed for duplicate-credit exception handling.
JUNE,JUN,JUN,Same-month settlement,MATCH_GROUP,JUN-0040,TXNJUN00402,PRJUN22242388,BLJUN00348,UTR5254923696,1:1,23768.73,23768.73,0.0,MATCHED,Reference + exact amount,Related bank line selected; any redundant related credits remain unconsumed for duplicate-credit exception handling.
JUNE,JUN,JUN,Same-month settlement,MATCH_GROUP,JUN-0041,TXNJUN00512,PRJUN22340723,BLJUN00458,UTR2260892281,1:1,21208.52,21208.52,0.0,MATCHED,Reference + exact amount,Related bank line selected; any redundant related credits remain unconsumed for duplicate-credit exception handling.
JUNE,JUN,JUN,Same-month settlement,MATCH_GROUP,JUN-0042,TXNJUN00505,PRJUN23754633,BLJUN00451,UTR8284816444,1:1,82496.35,82496.35,0.0,MATCHED,Reference + exact amount,Related bank line selected; any redundant related credits remain unconsumed for duplicate-credit exception handling.
JUNE,JUN,JUN,Same-month settlement,MATCH_GROUP,JUN-0043,TXNJUN00395,PRJUN23951801,BLJUN00341,UTR2201840395,1:1,50449.92,50449.92,0.0,MATCHED,Reference + exact amount,Related bank line selected; any redundant related credits remain unconsumed for duplicate-credit exception handling.
JUNE,JUN,JUN,Same-month settlement,MATCH_GROUP,JUN-0044,TXNJUN00441,PRJUN24178065,BLJUN00387,UTR6429425484,1:1,74111.86,74111.86,0.0,MATCHED,Reference + exact amount,Related bank line selected; any redundant related credits remain unconsumed for duplicate-credit exception handling.
JUNE,JUN,JUN,Same-month settlement,MATCH_GROUP,JUN-0045,TXNJUN00503,PRJUN24290224,BLJUN00449,UTR2076151332,1:1,36337.46,36337.46,0.0,MATCHED,Reference + exact amount,Related bank line selected; any redundant related credits remain unconsumed for duplicate-credit exception handling.
JUNE,JUN,JUN,Same-month settlement,MATCH_GROUP,JUN-0046,TXNJUN00418,PRJUN24887509,BLJUN00364,UTR5728897164,1:1,81798.43,81798.43,0.0,MATCHED,Reference + exact amount,Related bank line selected; any redundant related credits remain unconsumed for duplicate-credit exception handling.
JUNE,JUN,JUN,Same-month settlement,MATCH_GROUP,JUN-0047,TXNJUN00377,PRJUN25132198,BLJUN00323,UTR9306142066,1:1,47585.45,47585.45,0.0,MATCHED,Reference + exact amount,Related bank line selected; any redundant related credits remain unconsumed for duplicate-credit exception handling.
JUNE,JUN,JUN,Same-month settlement,MATCH_GROUP,JUN-0048,TXNJUN00502,PRJUN25489430,BLJUN00448,UTR9644783539,1:1,33624.53,33624.53,0.0,MATCHED,Reference + exact amount,Related bank line selected; any redundant related credits remain unconsumed for duplicate-credit exception handling.
JUNE,JUN,JUN,Same-month settlement,MATCH_GROUP,JUN-0049,TXNJUN00480,PRJUN25555976,BLJUN00426,UTR6706554814,1:1,80905.55,80905.55,0.0,MATCHED,Reference + exact amount,Related bank line selected; any redundant related credits remain unconsumed for duplicate-credit exception handling.
JUNE,JUN,JUN,Same-month settlement,MATCH_GROUP,JUN-0050,TXNJUN00461,PRJUN25808361,BLJUN00407,UTR8218541928,1:1,5335.89,5335.89,0.0,MATCHED,Reference + exact amount,Related bank line selected; any redundant related credits remain unconsumed for duplicate-credit exception handling.
JUNE,JUN,JUN,Same-month settlement,MATCH_GROUP,JUN-0051,TXNJUN00385,PRJUN25845304,BLJUN00331,UTR5569295400,1:1,85515.28,85515.28,0.0,MATCHED,Reference + exact amount,Related bank line selected; any redundant related credits remain unconsumed for duplicate-credit exception handling.
JUNE,JUN,JUN,Same-month settlement,MATCH_GROUP,JUN-0052,TXNJUN00401,PRJUN26094525,BLJUN00347,UTR2407863065,1:1,15184.06,15184.06,0.0,MATCHED,Reference + exact amount,Related bank line selected; any redundant related credits remain unconsumed for duplicate-credit exception handling.
JUNE,JUN,JUN,Same-month settlement,MATCH_GROUP,JUN-0053,TXNJUN00471,PRJUN26530521,BLJUN00417,UTR3676343517,1:1,67627.68,67627.68,0.0,MATCHED,Reference + exact amount,Related bank line selected; any redundant related credits remain unconsumed for duplicate-credit exception handling.
JUNE,JUN,JUN,Same-month settlement,MATCH_GROUP,JUN-0054,TXNJUN00473,PRJUN26588648,BLJUN00419,UTR7529678452,1:1,24196.95,24196.95,0.0,MATCHED,Reference + exact amount,Related bank line selected; any redundant related credits remain unconsumed for duplicate-credit exception handling.
JUNE,JUN,JUN,Same-month settlement,MATCH_GROUP,JUN-0055,TXNJUN00465,PRJUN27368573,BLJUN00411,UTR2646331504,1:1,41344.16,41344.16,0.0,MATCHED,Reference + exact amount,Related bank line selected; any redundant related credits remain unconsumed for duplicate-credit exception handling.
JUNE,JUN,JUN,Same-month settlement,MATCH_GROUP,JUN-0056,TXNJUN00417,PRJUN27514010,BLJUN00363,UTR4939447721,1:1,68179.84,68179.84,0.0,MATCHED,Reference + exact amount,Related bank line selected; any redundant related credits remain unconsumed for duplicate-credit exception handling.
JUNE,JUN,JUN,Same-month settlement,MATCH_GROUP,JUN-0057,TXNJUN00378,PRJUN27714442,BLJUN00324,UTR4308701294,1:1,81812.13,81812.13,0.0,MATCHED,Reference + exact amount,Related bank line selected; any redundant related credits remain unconsumed for duplicate-credit exception handling.
JUNE,JUN,JUN,Same-month settlement,MATCH_GROUP,JUN-0058,TXNJUN00452,PRJUN27758896,BLJUN00398,UTR8055515912,1:1,16660.76,16660.76,0.0,MATCHED,Reference + exact amount,Related bank line selected; any redundant related credits remain unconsumed for duplicate-credit exception handling.
JUNE,JUN,JUN,Same-month settlement,MATCH_GROUP,JUN-0059,TXNJUN00584,PRJUN28531242,BLJUN00496,UTR7478286207,1:1,71105.39,71105.39,0.0,MATCHED,Reference + exact amount,Related bank line selected; any redundant related credits remain unconsumed for duplicate-credit exception handling.
JUNE,JUN,JUN,Same-month settlement,MATCH_GROUP,JUN-0060,TXNJUN00495,PRJUN28850770,BLJUN00441,UTR1805492785,1:1,70602.91,70602.91,0.0,MATCHED,Reference + exact amount,Related bank line selected; any redundant related credits remain unconsumed for duplicate-credit exception handling.
JUNE,JUN,JUN,Same-month settlement,MATCH_GROUP,JUN-0061,TXNJUN00516,PRJUN30636590,BLJUN00467|BLJUN00466|BLJUN00465,UTR6961554653|UTR6405851839|UTR3396953414,1:3,97349.46,97349.46,0.0,MATCHED,Reference aggregate match,All related bank lines aggregated by normalized/truncated reference.
JUNE,JUN,JUN,Same-month settlement,MATCH_GROUP,JUN-0062,TXNJUN00510,PRJUN30777669,BLJUN00456,UTR2537965898,1:1,14813.4,14813.4,0.0,MATCHED,Reference + exact amount,Related bank line selected; any redundant related credits remain unconsumed for duplicate-credit exception handling.
JUNE,JUN,JUN,Same-month settlement,MATCH_GROUP,JUN-0063,TXNJUN00367,PRJUN31204188,BLJUN00313,UTR2176904638,1:1,43505.09,43505.09,0.0,MATCHED,Reference + exact amount,Related bank line selected; any redundant related credits remain unconsumed for duplicate-credit exception handling.
JUNE,JUN,JUN,Same-month settlement,MATCH_GROUP,JUN-0064,TXNJUN00447,PRJUN31336920,BLJUN00393,UTR4577406847,1:1,29728.91,29728.91,0.0,MATCHED,Reference + exact amount,Related bank line selected; any redundant related credits remain unconsumed for duplicate-credit exception handling.
JUNE,JUN,JUN,Same-month settlement,MATCH_GROUP,JUN-0065,TXNJUN00413,PRJUN31424479,BLJUN00359,UTR6963229328,1:1,23734.46,23734.46,0.0,MATCHED,Reference + exact amount,Related bank line selected; any redundant related credits remain unconsumed for duplicate-credit exception handling.
JUNE,JUN,JUN,Same-month settlement,MATCH_GROUP,JUN-0066,TXNJUN00428,PRJUN31596235,BLJUN00374,UTR3807341727,1:1,7356.48,7356.48,0.0,MATCHED,Reference + exact amount,Related bank line selected; any redundant related credits remain unconsumed for duplicate-credit exception handling.
JUNE,JUN,JUN,Same-month settlement,MATCH_GROUP,JUN-0067,TXNJUN00451,PRJUN31865061,BLJUN00397,UTR5333183840,1:1,74138.91,74138.91,0.0,MATCHED,Reference + exact amount,Related bank line selected; any redundant related credits remain unconsumed for duplicate-credit exception handling.
JUNE,JUN,JUN,Same-month settlement,MATCH_GROUP,JUN-0068,TXNJUN00384,PRJUN31989243,BLJUN00330,UTR9046449694,1:1,90548.29,90548.29,0.0,MATCHED,Reference + exact amount,Related bank line selected; any redundant related credits remain unconsumed for duplicate-credit exception handling.
JUNE,JUN,JUN,Same-month settlement,MATCH_GROUP,JUN-0069,TXNJUN00459,PRJUN32815223,BLJUN00405,UTR1383539822,1:1,83297.88,83297.88,0.0,MATCHED,Reference + exact amount,Related bank line selected; any redundant related credits remain unconsumed for duplicate-credit exception handling.
JUNE,JUN,JUN,Same-month settlement,MATCH_GROUP,JUN-0070,TXNJUN00414,PRJUN33315234,BLJUN00360,UTR3420671425,1:1,22663.22,22663.22,0.0,MATCHED,Reference + exact amount,Related bank line selected; any redundant related credits remain unconsumed for duplicate-credit exception handling.
JUNE,JUN,JUN,Same-month settlement,MATCH_GROUP,JUN-0071,TXNJUN00434,PRJUN35042738,BLJUN00380,UTR8890193183,1:1,4477.45,4477.45,0.0,MATCHED,Reference + exact amount,Related bank line selected; any redundant related credits remain unconsumed for duplicate-credit exception handling.
JUNE,JUN,JUN,Same-month settlement,MATCH_GROUP,JUN-0072,TXNJUN00456,PRJUN35281262,BLJUN00402,UTR3923823693,1:1,49263.57,49263.57,0.0,MATCHED,Reference + exact amount,Related bank line selected; any redundant related credits remain unconsumed for duplicate-credit exception handling.
JUNE,JUN,JUN,Same-month settlement,MATCH_GROUP,JUN-0073,TXNJUN00393,PRJUN36229153,BLJUN00339,UTR1102693781,1:1,85567.0,85567.0,0.0,MATCHED,Reference + exact amount,Related bank line selected; any redundant related credits remain unconsumed for duplicate-credit exception handling.
JUNE,JUN,JUN,Same-month settlement,MATCH_GROUP,JUN-0074,TXNJUN00475,PRJUN36661903,BLJUN00421,UTR8316205130,1:1,19176.25,19176.25,0.0,MATCHED,Reference + exact amount,Related bank line selected; any redundant related credits remain unconsumed for duplicate-credit exception handling.
JUNE,JUN,JUN,Same-month settlement,MATCH_GROUP,JUN-0075,TXNJUN00381,PRJUN37272705,BLJUN00327,UTR8295757364,1:1,51072.97,51072.97,0.0,MATCHED,Reference + exact amount,Related bank line selected; any redundant related credits remain unconsumed for duplicate-credit exception handling.
JUNE,JUN,JUN,Same-month settlement,MATCH_GROUP,JUN-0076,TXNJUN00432,PRJUN37776759,BLJUN00378,UTR8665986525,1:1,60718.56,60718.56,0.0,MATCHED,Reference + exact amount,Related bank line selected; any redundant related credits remain unconsumed for duplicate-credit exception handling.
JUNE,JUN,JUN,Same-month settlement,MATCH_GROUP,JUN-0077,TXNJUN00337,PRJUN38138531,BLJUN00283,UTR8015124886,1:1,75830.7,75830.7,0.0,MATCHED,Reference + exact amount,Related bank line selected; any redundant related credits remain unconsumed for duplicate-credit exception handling.
JUNE,JUN,JUN,Same-month settlement,MATCH_GROUP,JUN-0078,TXNJUN00424,PRJUN38143348,BLJUN00370,UTR5501759051,1:1,65928.43,65928.43,0.0,MATCHED,Reference + exact amount,Related bank line selected; any redundant related credits remain unconsumed for duplicate-credit exception handling.
JUNE,JUN,JUN,Same-month settlement,MATCH_GROUP,JUN-0079,TXNJUN00347,PRJUN38829445,BLJUN00293,UTR6097953682,1:1,26623.17,26623.17,0.0,MATCHED,Reference + exact amount,Related bank line selected; any redundant related credits remain unconsumed for duplicate-credit exception handling.
JUNE,JUN,JUN,Same-month settlement,MATCH_GROUP,JUN-0080,TXNJUN00374,PRJUN39158087,BLJUN00320,UTR9432088993,1:1,85202.18,85202.18,0.0,MATCHED,Reference + exact amount,Related bank line selected; any redundant related credits remain unconsumed for duplicate-credit exception handling.
JUNE,JUN,JUN,Same-month settlement,MATCH_GROUP,JUN-0081,TXNJUN00420,PRJUN39962391,BLJUN00366,UTR1546957087,1:1,56053.03,56053.03,0.0,MATCHED,Reference + exact amount,Related bank line selected; any redundant related credits remain unconsumed for duplicate-credit exception handling.
JUNE,JUN,JUN,Same-month settlement,MATCH_GROUP,JUN-0082,TXNJUN00369,PRJUN41426254,BLJUN00315,UTR1334744286,1:1,62357.23,62357.23,0.0,MATCHED,Reference + exact amount,Related bank line selected; any redundant related credits remain unconsumed for duplicate-credit exception handling.
JUNE,JUN,JUN,Same-month settlement,MATCH_GROUP,JUN-0083,TXNJUN00423,PRJUN41943272,BLJUN00369,UTR5343911135,1:1,93330.47,93330.47,0.0,MATCHED,Reference + exact amount,Related bank line selected; any redundant related credits remain unconsumed for duplicate-credit exception handling.
JUNE,JUN,JUN,Same-month settlement,MATCH_GROUP,JUN-0084,TXNJUN00350,PRJUN42020689,BLJUN00296,UTR3561629386,1:1,11330.91,11330.91,0.0,MATCHED,Reference + exact amount,Related bank line selected; any redundant related credits remain unconsumed for duplicate-credit exception handling.
JUNE,JUN,JUN,Same-month settlement,MATCH_GROUP,JUN-0085,TXNJUN00382,PRJUN42029368,BLJUN00328,UTR3614915281,1:1,23414.46,23414.46,0.0,MATCHED,Reference + exact amount,Related bank line selected; any redundant related credits remain unconsumed for duplicate-credit exception handling.
JUNE,JUN,JUN,Same-month settlement,MATCH_GROUP,JUN-0086,TXNJUN00338,PRJUN42483531,BLJUN00284,UTR8265834251,1:1,62658.32,62658.32,0.0,MATCHED,Reference + exact amount,Related bank line selected; any redundant related credits remain unconsumed for duplicate-credit exception handling.
JUNE,JUN,JUN,Same-month settlement,MATCH_GROUP,JUN-0087,TXNJUN00362,PRJUN43511112,BLJUN00308,UTR7074050517,1:1,67654.66,67654.66,0.0,MATCHED,Reference + exact amount,Related bank line selected; any redundant related credits remain unconsumed for duplicate-credit exception handling.
JUNE,JUN,JUN,Same-month settlement,MATCH_GROUP,JUN-0088,TXNJUN00507,PRJUN43734435,BLJUN00453,UTR5141593270,1:1,59048.22,59048.22,0.0,MATCHED,Reference + exact amount,Related bank line selected; any redundant related credits remain unconsumed for duplicate-credit exception handling.
JUNE,JUN,JUN,Same-month settlement,MATCH_GROUP,JUN-0089,TXNJUN00446,PRJUN46160937,BLJUN00392,UTR9831336766,1:1,39739.22,39739.22,0.0,MATCHED,Reference + exact amount,Related bank line selected; any redundant related credits remain unconsumed for duplicate-credit exception handling.
JUNE,JUN,JUN,Same-month settlement,MATCH_GROUP,JUN-0090,TXNJUN00390,PRJUN46407626,BLJUN00336,UTR2721959126,1:1,54403.03,54403.03,0.0,MATCHED,Reference + exact amount,Related bank line selected; any redundant related credits remain unconsumed for duplicate-credit exception handling.
JUNE,JUN,JUN,Same-month settlement,MATCH_GROUP,JUN-0091,TXNJUN00500,PRJUN46721417,BLJUN00446,UTR8991678061,1:1,91550.49,91550.49,0.0,MATCHED,Reference + exact amount,Related bank line selected; any redundant related credits remain unconsumed for duplicate-credit exception handling.
JUNE,JUN,JUN,Same-month settlement,MATCH_GROUP,JUN-0092,TXNJUN00408,PRJUN46907428,BLJUN00354,UTR7437690455,1:1,42509.58,42509.58,0.0,MATCHED,Reference + exact amount,Related bank line selected; any redundant related credits remain unconsumed for duplicate-credit exception handling.
JUNE,JUN,JUN,Same-month settlement,MATCH_GROUP,JUN-0093,TXNJUN00445,PRJUN47627490,BLJUN00391,UTR8841851495,1:1,81567.75,81567.75,0.0,MATCHED,Reference + exact amount,Related bank line selected; any redundant related credits remain unconsumed for duplicate-credit exception handling.
JUNE,JUN,JUN,Same-month settlement,MATCH_GROUP,JUN-0094,TXNJUN00412,PRJUN47706144,BLJUN00358,UTR5293274004,1:1,76869.96,76869.96,0.0,MATCHED,Reference + exact amount,Related bank line selected; any redundant related credits remain unconsumed for duplicate-credit exception handling.
JUNE,JUN,JUN,Same-month settlement,MATCH_GROUP,JUN-0095,TXNJUN00352,PRJUN48766747,BLJUN00298,UTR5088130061,1:1,17977.59,17977.59,0.0,MATCHED,Reference + exact amount,Related bank line selected; any redundant related credits remain unconsumed for duplicate-credit exception handling.
JUNE,JUN,JUN,Same-month settlement,MATCH_GROUP,JUN-0096,TXNJUN00518,PRJUN48901209,BLJUN00472|BLJUN00471,UTR1944316108|UTR5427334554,1:2,62521.4,62521.4,0.0,MATCHED,Reference aggregate match,All related bank lines aggregated by normalized/truncated reference.
JUNE,JUN,JUN,Same-month settlement,MATCH_GROUP,JUN-0097,TXNJUN00398,PRJUN49148093,BLJUN00344,UTR2168041588,1:1,80874.07,80874.07,0.0,MATCHED,Reference + exact amount,Related bank line selected; any redundant related credits remain unconsumed for duplicate-credit exception handling.
JUNE,JUN,JUN,Same-month settlement,MATCH_GROUP,JUN-0098,TXNJUN00355,PRJUN49203644,BLJUN00301,UTR8584566722,1:1,26292.31,26292.31,0.0,MATCHED,Reference + exact amount,Related bank line selected; any redundant related credits remain unconsumed for duplicate-credit exception handling.
JUNE,JUN,JUN,Same-month settlement,MATCH_GROUP,JUN-0099,TXNJUN00508,PRJUN49483865,BLJUN00454,UTR2620054076,1:1,17061.1,17061.1,0.0,MATCHED,Reference + exact amount,Related bank line selected; any redundant related credits remain unconsumed for duplicate-credit exception handling.
JUNE,JUN,JUN,Same-month settlement,MATCH_GROUP,JUN-0100,TXNJUN00476,PRJUN49641367,BLJUN00422,UTR2007192464,1:1,3983.69,3983.69,0.0,MATCHED,Reference + exact amount,Related bank line selected; any redundant related credits remain unconsumed for duplicate-credit exception handling.
JUNE,JUN,JUN,Same-month settlement,MATCH_GROUP,JUN-0101,TXNJUN00334,PRJUN50323741,BLJUN00280,UTR9437783771,1:1,57404.27,57404.27,0.0,MATCHED,Reference + exact amount,Related bank line selected; any redundant related credits remain unconsumed for duplicate-credit exception handling.
JUNE,JUN,JUN,Same-month settlement,MATCH_GROUP,JUN-0102,TXNJUN00419,PRJUN50502233,BLJUN00365,UTR8675071314,1:1,13178.8,13178.8,0.0,MATCHED,Reference + exact amount,Related bank line selected; any redundant related credits remain unconsumed for duplicate-credit exception handling.
JUNE,JUN,JUN,Same-month settlement,MATCH_GROUP,JUN-0103,TXNJUN00383,PRJUN51512209,BLJUN00329,UTR4012917912,1:1,70525.46,70525.46,0.0,MATCHED,Reference + exact amount,Related bank line selected; any redundant related credits remain unconsumed for duplicate-credit exception handling.
JUNE,JUN,JUN,Same-month settlement,MATCH_GROUP,JUN-0104,TXNJUN00372,PRJUN52057323,BLJUN00318,UTR9883760207,1:1,83723.71,83723.71,0.0,MATCHED,Reference + exact amount,Related bank line selected; any redundant related credits remain unconsumed for duplicate-credit exception handling.
JUNE,JUN,JUN,Same-month settlement,MATCH_GROUP,JUN-0105,TXNJUN00400,PRJUN52148834,BLJUN00346,UTR7285025763,1:1,11689.81,11689.81,0.0,MATCHED,Reference + exact amount,Related bank line selected; any redundant related credits remain unconsumed for duplicate-credit exception handling.
JUNE,JUN,JUN,Same-month settlement,MATCH_GROUP,JUN-0106,TXNJUN00375,PRJUN52211967,BLJUN00321,UTR2295574037,1:1,23727.76,23727.76,0.0,MATCHED,Reference + exact amount,Related bank line selected; any redundant related credits remain unconsumed for duplicate-credit exception handling.
JUNE,JUN,JUN,Same-month settlement,MATCH_GROUP,JUN-0107,TXNJUN00463,PRJUN52464268,BLJUN00409,UTR1249166485,1:1,17338.8,17338.8,0.0,MATCHED,Reference + exact amount,Related bank line selected; any redundant related credits remain unconsumed for duplicate-credit exception handling.
JUNE,JUN,JUN,Same-month settlement,MATCH_GROUP,JUN-0108,TXNJUN00511,PRJUN52662313,BLJUN00457,UTR7601519165,1:1,21091.4,21091.4,0.0,MATCHED,Reference + exact amount,Related bank line selected; any redundant related credits remain unconsumed for duplicate-credit exception handling.
JUNE,JUN,JUN,Same-month settlement,MATCH_GROUP,JUN-0109,TXNJUN00344,PRJUN52803305,BLJUN00290,UTR5982744929,1:1,28700.02,28700.02,0.0,MATCHED,Reference + exact amount,Related bank line selected; any redundant related credits remain unconsumed for duplicate-credit exception handling.
JUNE,JUN,JUN,Same-month settlement,MATCH_GROUP,JUN-0110,TXNJUN00335,PRJUN52833932,BLJUN00281,UTR6910112521,1:1,69879.35,69879.35,0.0,MATCHED,Reference + exact amount,Related bank line selected; any redundant related credits remain unconsumed for duplicate-credit exception handling.
JUNE,JUN,JUN,Same-month settlement,MATCH_GROUP,JUN-0111,TXNJUN00488,PRJUN53034742,BLJUN00434,UTR8057994126,1:1,31602.29,31602.29,0.0,MATCHED,Reference + exact amount,Related bank line selected; any redundant related credits remain unconsumed for duplicate-credit exception handling.
JUNE,JUN,JUN,Same-month settlement,MATCH_GROUP,JUN-0112,TXNJUN00514,PRJUN53075436,BLJUN00460|BLJUN00461,UTR7208619610|UTR5483308751,1:2,70870.07,70870.07,0.0,MATCHED,Reference aggregate match,All related bank lines aggregated by normalized/truncated reference.
JUNE,JUN,JUN,Same-month settlement,MATCH_GROUP,JUN-0113,TXNJUN00348,PRJUN53752954,BLJUN00294,UTR5785590330,1:1,43602.9,43602.9,0.0,MATCHED,Reference + exact amount,Related bank line selected; any redundant related credits remain unconsumed for duplicate-credit exception handling.
JUNE,JUN,JUN,Same-month settlement,MATCH_GROUP,JUN-0114,TXNJUN00406,PRJUN54499873,BLJUN00352,UTR8406374110,1:1,4295.48,4295.48,0.0,MATCHED,Reference + exact amount,Related bank line selected; any redundant related credits remain unconsumed for duplicate-credit exception handling.
JUNE,JUN,JUN,Same-month settlement,MATCH_GROUP,JUN-0115,TXNJUN00493,PRJUN54556611,BLJUN00439,UTR3829998009,1:1,72962.7,72962.7,0.0,MATCHED,Reference + exact amount,Related bank line selected; any redundant related credits remain unconsumed for duplicate-credit exception handling.
JUNE,JUN,JUN,Same-month settlement,MATCH_GROUP,JUN-0116,TXNJUN00343,PRJUN56045630,BLJUN00289,UTR8287542751,1:1,74559.58,74559.58,0.0,MATCHED,Reference + exact amount,Related bank line selected; any redundant related credits remain unconsumed for duplicate-credit exception handling.
JUNE,JUN,JUN,Same-month settlement,MATCH_GROUP,JUN-0117,TXNJUN00411,PRJUN56175477,BLJUN00357,UTR1940684569,1:1,47851.76,47851.76,0.0,MATCHED,Reference + exact amount,Related bank line selected; any redundant related credits remain unconsumed for duplicate-credit exception handling.
JUNE,JUN,JUN,Same-month settlement,MATCH_GROUP,JUN-0118,TXNJUN00450,PRJUN56204319,BLJUN00396,UTR2660286914,1:1,79617.69,79617.69,0.0,MATCHED,Reference + exact amount,Related bank line selected; any redundant related credits remain unconsumed for duplicate-credit exception handling.
JUNE,JUN,JUN,Same-month settlement,MATCH_GROUP,JUN-0119,TXNJUN00358,PRJUN56785209,BLJUN00304,UTR8254773516,1:1,41851.87,41851.87,0.0,MATCHED,Reference + exact amount,Related bank line selected; any redundant related credits remain unconsumed for duplicate-credit exception handling.
JUNE,JUN,JUN,Same-month settlement,MATCH_GROUP,JUN-0120,TXNJUN00349,PRJUN57242616,BLJUN00295,UTR2345122542,1:1,58745.11,58745.11,0.0,MATCHED,Reference + exact amount,Related bank line selected; any redundant related credits remain unconsumed for duplicate-credit exception handling.
JUNE,JUN,JUN,Same-month settlement,MATCH_GROUP,JUN-0121,TXNJUN00460,PRJUN57685330,BLJUN00406,UTR6557907251,1:1,70763.89,70763.89,0.0,MATCHED,Reference + exact amount,Related bank line selected; any redundant related credits remain unconsumed for duplicate-credit exception handling.
JUNE,JUN,JUN,Same-month settlement,MATCH_GROUP,JUN-0122,TXNJUN00484,PRJUN58130331,BLJUN00430,UTR9107154202,1:1,2980.34,2980.34,0.0,MATCHED,Reference + exact amount,Related bank line selected; any redundant related credits remain unconsumed for duplicate-credit exception handling.
JUNE,JUN,JUN,Same-month settlement,MATCH_GROUP,JUN-0123,TXNJUN00582,PRJUN58623028,BLJUN00491,UTR8218146534,1:1,14915.27,14915.27,0.0,MATCHED,Reference + exact amount,Related bank line selected; any redundant related credits remain unconsumed for duplicate-credit exception handling.
JUNE,JUN,JUN,Same-month settlement,MATCH_GROUP,JUN-0124,TXNJUN00387,PRJUN59350218,BLJUN00333,UTR1011031667,1:1,24422.25,24422.25,0.0,MATCHED,Reference + exact amount,Related bank line selected; any redundant related credits remain unconsumed for duplicate-credit exception handling.
JUNE,JUN,JUN,Same-month settlement,MATCH_GROUP,JUN-0125,TXNJUN00392,PRJUN59515518,BLJUN00338,UTR9469064524,1:1,27878.63,27878.63,0.0,MATCHED,Reference + exact amount,Related bank line selected; any redundant related credits remain unconsumed for duplicate-credit exception handling.
JUNE,JUN,JUN,Same-month settlement,MATCH_GROUP,JUN-0126,TXNJUN00330,PRJUN61100987,BLJUN00276,UTR1271730355,1:1,13405.1,13405.1,0.0,MATCHED,Reference + exact amount,Related bank line selected; any redundant related credits remain unconsumed for duplicate-credit exception handling.
JUNE,JUN,JUN,Same-month settlement,MATCH_GROUP,JUN-0127,TXNJUN00329,PRJUN61705758,BLJUN00275,UTR3238126936,1:1,27902.54,27902.54,0.0,MATCHED,Reference + exact amount,Related bank line selected; any redundant related credits remain unconsumed for duplicate-credit exception handling.
JUNE,JUN,JUN,Same-month settlement,MATCH_GROUP,JUN-0128,TXNJUN00519,PRJUN62478133,BLJUN00475|BLJUN00473|BLJUN00474,UTR9611537583|UTR3384006407|UTR1529290976,1:3,116810.74,116810.74,-0.0,MATCHED,Reference aggregate match,All related bank lines aggregated by normalized/truncated reference.
JUNE,JUN,JUN,Same-month settlement,MATCH_GROUP,JUN-0129,TXNJUN00496,PRJUN62733674,BLJUN00442,UTR9125023089,1:1,43555.11,43555.11,0.0,MATCHED,Reference + exact amount,Related bank line selected; any redundant related credits remain unconsumed for duplicate-credit exception handling.
JUNE,JUN,JUN,Same-month settlement,MATCH_GROUP,JUN-0130,TXNJUN00336,PRJUN62738860,BLJUN00282,UTR8418324922,1:1,11040.87,11040.87,0.0,MATCHED,Reference + exact amount,Related bank line selected; any redundant related credits remain unconsumed for duplicate-credit exception handling.
JUNE,JUN,JUN,Same-month settlement,MATCH_GROUP,JUN-0131,TXNJUN00437,PRJUN62989744,BLJUN00383,UTR1827752234,1:1,3540.52,3540.52,0.0,MATCHED,Reference + exact amount,Related bank line selected; any redundant related credits remain unconsumed for duplicate-credit exception handling.
JUNE,JUN,JUN,Same-month settlement,MATCH_GROUP,JUN-0132,TXNJUN00333,PRJUN63108878,BLJUN00279,UTR3552898167,1:1,79992.87,79992.87,0.0,MATCHED,Reference + exact amount,Related bank line selected; any redundant related credits remain unconsumed for duplicate-credit exception handling.
JUNE,JUN,JUN,Same-month settlement,MATCH_GROUP,JUN-0133,TXNJUN00482,PRJUN63720675,BLJUN00428,UTR1485574228,1:1,26006.19,26006.19,0.0,MATCHED,Reference + exact amount,Related bank line selected; any redundant related credits remain unconsumed for duplicate-credit exception handling.
JUNE,JUN,JUN,Same-month settlement,MATCH_GROUP,JUN-0134,TXNJUN00489,PRJUN64126921,BLJUN00435,UTR8973989997,1:1,7719.2,7719.2,0.0,MATCHED,Reference + exact amount,Related bank line selected; any redundant related credits remain unconsumed for duplicate-credit exception handling.
JUNE,JUN,JUN,Same-month settlement,MATCH_GROUP,JUN-0135,TXNJUN00583,PRJUN65462544,BLJUN00493,UTR7678293431,1:1,74513.95,74513.95,0.0,MATCHED,Reference + exact amount,Related bank line selected; any redundant related credits remain unconsumed for duplicate-credit exception handling.
JUNE,JUN,JUN,Same-month settlement,MATCH_GROUP,JUN-0136,TXNJUN00354,PRJUN65784972,BLJUN00300,UTR4268713302,1:1,79829.75,79829.75,0.0,MATCHED,Reference + exact amount,Related bank line selected; any redundant related credits remain unconsumed for duplicate-credit exception handling.
JUNE,JUN,JUN,Same-month settlement,MATCH_GROUP,JUN-0137,TXNJUN00371,PRJUN66682016,BLJUN00317,UTR1439921366,1:1,12773.6,12773.6,0.0,MATCHED,Reference + exact amount,Related bank line selected; any redundant related credits remain unconsumed for duplicate-credit exception handling.
JUNE,JUN,JUN,Same-month settlement,MATCH_GROUP,JUN-0138,TXNJUN00380,PRJUN66851305,BLJUN00326,UTR9929329605,1:1,38365.78,38365.78,0.0,MATCHED,Reference + exact amount,Related bank line selected; any redundant related credits remain unconsumed for duplicate-credit exception handling.
JUNE,JUN,JUN,Same-month settlement,MATCH_GROUP,JUN-0139,TXNJUN00453,PRJUN66882385,BLJUN00399,UTR7973335079,1:1,80937.79,80937.79,0.0,MATCHED,Reference + exact amount,Related bank line selected; any redundant related credits remain unconsumed for duplicate-credit exception handling.
JUNE,JUN,JUN,Same-month settlement,MATCH_GROUP,JUN-0140,TXNJUN00580,PRJUN67108220,BLJUN00488,UTR1811839103,1:1,24365.58,24365.58,0.0,MATCHED,Reference + exact amount,Related bank line selected; any redundant related credits remain unconsumed for duplicate-credit exception handling.
JUNE,JUN,JUN,Same-month settlement,MATCH_GROUP,JUN-0141,TXNJUN00509,PRJUN67513345,BLJUN00455,UTR6714723660,1:1,52987.72,52987.72,0.0,MATCHED,Reference + exact amount,Related bank line selected; any redundant related credits remain unconsumed for duplicate-credit exception handling.
JUNE,JUN,JUN,Same-month settlement,MATCH_GROUP,JUN-0142,TXNJUN00365,PRJUN67665720,BLJUN00311,UTR3482206102,1:1,47124.24,47124.24,0.0,MATCHED,Reference + exact amount,Related bank line selected; any redundant related credits remain unconsumed for duplicate-credit exception handling.
JUNE,JUN,JUN,Same-month settlement,MATCH_GROUP,JUN-0143,TXNJUN00486,PRJUN68095862,BLJUN00432,UTR1234359689,1:1,69100.27,69100.27,0.0,MATCHED,Reference + exact amount,Related bank line selected; any redundant related credits remain unconsumed for duplicate-credit exception handling.
JUNE,JUN,JUN,Same-month settlement,MATCH_GROUP,JUN-0144,TXNJUN00469,PRJUN68205561,BLJUN00415,UTR8782516473,1:1,94571.01,94571.01,0.0,MATCHED,Reference + exact amount,Related bank line selected; any redundant related credits remain unconsumed for duplicate-credit exception handling.
JUNE,JUN,JUN,Same-month settlement,MATCH_GROUP,JUN-0145,TXNJUN00331,PRJUN68341261,BLJUN00277,UTR5055403877,1:1,40149.45,40149.45,0.0,MATCHED,Reference + exact amount,Related bank line selected; any redundant related credits remain unconsumed for duplicate-credit exception handling.
JUNE,JUN,JUN,Same-month settlement,MATCH_GROUP,JUN-0146,TXNJUN00481,PRJUN68749047,BLJUN00427,UTR5783872028,1:1,25672.32,25672.32,0.0,MATCHED,Reference + exact amount,Related bank line selected; any redundant related credits remain unconsumed for duplicate-credit exception handling.
JUNE,JUN,JUN,Same-month settlement,MATCH_GROUP,JUN-0147,TXNJUN00425,PRJUN68816911,BLJUN00371,UTR2612105539,1:1,40012.14,40012.14,0.0,MATCHED,Reference + exact amount,Related bank line selected; any redundant related credits remain unconsumed for duplicate-credit exception handling.
JUNE,JUN,JUN,Same-month settlement,MATCH_GROUP,JUN-0148,TXNJUN00592,PRJUN68917831,BLJUN00498,UTR5449848690,1:1,16093.9,15813.99,-279.91,PARTIAL_MATCH,Reference aggregate match,"Related bank lines found, but the net amount does not fully reconcile."
JUNE,JUN,JUN,Same-month settlement,MATCH_GROUP,JUN-0149,TXNJUN00485,PRJUN69148126,BLJUN00431,UTR3655316364,1:1,6251.09,6251.09,0.0,MATCHED,Reference + exact amount,Related bank line selected; any redundant related credits remain unconsumed for duplicate-credit exception handling.
JUNE,JUN,JUN,Same-month settlement,MATCH_GROUP,JUN-0150,TXNJUN00490,PRJUN70004467,BLJUN00436,UTR2770980600,1:1,11497.47,11497.47,0.0,MATCHED,Reference + exact amount,Related bank line selected; any redundant related credits remain unconsumed for duplicate-credit exception handling.
JUNE,JUN,JUN,Same-month settlement,MATCH_GROUP,JUN-0151,TXNJUN00363,PRJUN70665302,BLJUN00309,UTR7391102387,1:1,60286.23,60286.23,0.0,MATCHED,Reference + exact amount,Related bank line selected; any redundant related credits remain unconsumed for duplicate-credit exception handling.
JUNE,JUN,JUN,Same-month settlement,MATCH_GROUP,JUN-0152,TXNJUN00464,PRJUN70673557,BLJUN00410,UTR4349011298,1:1,20088.98,20088.98,0.0,MATCHED,Reference + exact amount,Related bank line selected; any redundant related credits remain unconsumed for duplicate-credit exception handling.
JUNE,JUN,JUN,Same-month settlement,MATCH_GROUP,JUN-0153,TXNJUN00497,PRJUN71389561,BLJUN00443,UTR7808041613,1:1,56087.71,56087.71,0.0,MATCHED,Reference + exact amount,Related bank line selected; any redundant related credits remain unconsumed for duplicate-credit exception handling.
JUNE,JUN,JUN,Same-month settlement,MATCH_GROUP,JUN-0154,TXNJUN00479,PRJUN72314252,BLJUN00425,UTR6638034087,1:1,9706.89,9706.89,0.0,MATCHED,Reference + exact amount,Related bank line selected; any redundant related credits remain unconsumed for duplicate-credit exception handling.
JUNE,JUN,JUN,Same-month settlement,MATCH_GROUP,JUN-0155,TXNJUN00391,PRJUN72423883,BLJUN00337,UTR2961709893,1:1,73541.73,73541.73,0.0,MATCHED,Reference + exact amount,Related bank line selected; any redundant related credits remain unconsumed for duplicate-credit exception handling.
JUNE,JUN,JUN,Same-month settlement,MATCH_GROUP,JUN-0156,TXNJUN00433,PRJUN73209094,BLJUN00379,UTR6933261892,1:1,85039.64,85039.64,0.0,MATCHED,Reference + exact amount,Related bank line selected; any redundant related credits remain unconsumed for duplicate-credit exception handling.
JUNE,JUN,JUN,Same-month settlement,MATCH_GROUP,JUN-0157,TXNJUN00426,PRJUN74355957,BLJUN00372,UTR5438474114,1:1,61929.37,61929.37,0.0,MATCHED,Reference + exact amount,Related bank line selected; any redundant related credits remain unconsumed for duplicate-credit exception handling.
JUNE,JUN,JUN,Same-month settlement,MATCH_GROUP,JUN-0158,TXNJUN00455,PRJUN74657836,BLJUN00401,UTR8092994480,1:1,32112.88,32112.88,0.0,MATCHED,Reference + exact amount,Related bank line selected; any redundant related credits remain unconsumed for duplicate-credit exception handling.
JUNE,JUN,JUN,Same-month settlement,MATCH_GROUP,JUN-0159,TXNJUN00353,PRJUN75043108,BLJUN00299,UTR8235717104,1:1,18738.42,18738.42,0.0,MATCHED,Reference + exact amount,Related bank line selected; any redundant related credits remain unconsumed for duplicate-credit exception handling.
JUNE,JUN,JUN,Same-month settlement,MATCH_GROUP,JUN-0160,TXNJUN00407,PRJUN76588957,BLJUN00353,UTR4901136913,1:1,36513.61,36513.61,0.0,MATCHED,Reference + exact amount,Related bank line selected; any redundant related credits remain unconsumed for duplicate-credit exception handling.
JUNE,JUN,JUN,Same-month settlement,MATCH_GROUP,JUN-0161,TXNJUN00468,PRJUN77556678,BLJUN00414,UTR7546035453,1:1,29254.4,29254.4,0.0,MATCHED,Reference + exact amount,Related bank line selected; any redundant related credits remain unconsumed for duplicate-credit exception handling.
JUNE,JUN,JUN,Same-month settlement,MATCH_GROUP,JUN-0162,TXNJUN00397,PRJUN77837366,BLJUN00343,UTR1561387824,1:1,60626.19,60626.19,0.0,MATCHED,Reference + exact amount,Related bank line selected; any redundant related credits remain unconsumed for duplicate-credit exception handling.
JUNE,JUN,JUN,Same-month settlement,MATCH_GROUP,JUN-0163,TXNJUN00498,PRJUN78227286,BLJUN00444,UTR5739728188,1:1,87530.13,87530.13,0.0,MATCHED,Reference + exact amount,Related bank line selected; any redundant related credits remain unconsumed for duplicate-credit exception handling.
JUNE,JUN,JUN,Same-month settlement,MATCH_GROUP,JUN-0164,TXNJUN00478,PRJUN78679929,BLJUN00424,UTR6566372886,1:1,68807.65,68807.65,0.0,MATCHED,Reference + exact amount,Related bank line selected; any redundant related credits remain unconsumed for duplicate-credit exception handling.
JUNE,JUN,JUN,Same-month settlement,MATCH_GROUP,JUN-0165,TXNJUN00361,PRJUN79043610,BLJUN00307,UTR4719780110,1:1,77488.39,77488.39,0.0,MATCHED,Reference + exact amount,Related bank line selected; any redundant related credits remain unconsumed for duplicate-credit exception handling.
JUNE,JUN,JUN,Same-month settlement,MATCH_GROUP,JUN-0166,TXNJUN00376,PRJUN79491111,BLJUN00322,UTR7420493866,1:1,48527.26,48527.26,0.0,MATCHED,Reference + exact amount,Related bank line selected; any redundant related credits remain unconsumed for duplicate-credit exception handling.
JUNE,JUN,JUN,Same-month settlement,MATCH_GROUP,JUN-0167,TXNJUN00462,PRJUN81113720,BLJUN00408,UTR2965254350,1:1,39391.91,39391.91,0.0,MATCHED,Reference + exact amount,Related bank line selected; any redundant related credits remain unconsumed for duplicate-credit exception handling.
JUNE,JUN,JUN,Same-month settlement,MATCH_GROUP,JUN-0168,TXNJUN00360,PRJUN81441519,BLJUN00306,UTR7754847890,1:1,56802.27,56802.27,0.0,MATCHED,Reference + exact amount,Related bank line selected; any redundant related credits remain unconsumed for duplicate-credit exception handling.
JUNE,JUN,JUN,Same-month settlement,MATCH_GROUP,JUN-0169,TXNJUN00436,PRJUN81875527,BLJUN00382,UTR2283560032,1:1,82388.21,82388.21,0.0,MATCHED,Reference + exact amount,Related bank line selected; any redundant related credits remain unconsumed for duplicate-credit exception handling.
JUNE,JUN,JUN,Same-month settlement,MATCH_GROUP,JUN-0170,TXNJUN00394,PRJUN82684966,BLJUN00340,UTR8418332121,1:1,60505.49,60505.49,0.0,MATCHED,Reference + exact amount,Related bank line selected; any redundant related credits remain unconsumed for duplicate-credit exception handling.
JUNE,JUN,JUN,Same-month settlement,MATCH_GROUP,JUN-0171,TXNJUN00339,PRJUN82966824,BLJUN00285,UTR4302632494,1:1,75170.81,75170.81,0.0,MATCHED,Reference + exact amount,Related bank line selected; any redundant related credits remain unconsumed for duplicate-credit exception handling.
JUNE,JUN,JUN,Same-month settlement,MATCH_GROUP,JUN-0172,TXNJUN00357,PRJUN83330295,BLJUN00303,UTR7226553010,1:1,94031.25,94031.25,0.0,MATCHED,Reference + exact amount,Related bank line selected; any redundant related credits remain unconsumed for duplicate-credit exception handling.
JUNE,JUN,JUN,Same-month settlement,MATCH_GROUP,JUN-0173,TXNJUN00356,PRJUN83782999,BLJUN00302,UTR8382963909,1:1,10976.74,10976.74,0.0,MATCHED,Reference + exact amount,Related bank line selected; any redundant related credits remain unconsumed for duplicate-credit exception handling.
JUNE,JUN,JUN,Same-month settlement,MATCH_GROUP,JUN-0174,TXNJUN00409,PRJUN83912181,BLJUN00355,UTR3258354191,1:1,6027.77,6027.77,0.0,MATCHED,Reference + exact amount,Related bank line selected; any redundant related credits remain unconsumed for duplicate-credit exception handling.
JUNE,JUN,JUN,Same-month settlement,MATCH_GROUP,JUN-0175,TXNJUN00389,PRJUN84204255,BLJUN00335,UTR8388580360,1:1,70428.09,70428.09,0.0,MATCHED,Reference + exact amount,Related bank line selected; any redundant related credits remain unconsumed for duplicate-credit exception handling.
JUNE,JUN,JUN,Same-month settlement,MATCH_GROUP,JUN-0176,TXNJUN00501,PRJUN84300459,BLJUN00447,UTR8030335064,1:1,20843.21,20843.21,0.0,MATCHED,Reference + exact amount,Related bank line selected; any redundant related credits remain unconsumed for duplicate-credit exception handling.
JUNE,JUN,JUN,Same-month settlement,MATCH_GROUP,JUN-0177,TXNJUN00491,PRJUN84776858,BLJUN00437,UTR3415200001,1:1,266.08,266.08,0.0,MATCHED,Reference + exact amount,Related bank line selected; any redundant related credits remain unconsumed for duplicate-credit exception handling.
JUNE,JUN,JUN,Same-month settlement,MATCH_GROUP,JUN-0178,TXNJUN00345,PRJUN85141654,BLJUN00291,UTR7150970643,1:1,91064.33,91064.33,0.0,MATCHED,Reference + exact amount,Related bank line selected; any redundant related credits remain unconsumed for duplicate-credit exception handling.
JUNE,JUN,JUN,Same-month settlement,MATCH_GROUP,JUN-0179,TXNJUN00415,PRJUN85579195,BLJUN00361,UTR3106408413,1:1,79527.03,79527.03,0.0,MATCHED,Reference + exact amount,Related bank line selected; any redundant related credits remain unconsumed for duplicate-credit exception handling.
JUNE,JUN,JUN,Same-month settlement,MATCH_GROUP,JUN-0180,TXNJUN00373,PRJUN85603667,BLJUN00319,UTR8243746556,1:1,58077.75,58077.75,0.0,MATCHED,Reference + exact amount,Related bank line selected; any redundant related credits remain unconsumed for duplicate-credit exception handling.
JUNE,JUN,JUN,Same-month settlement,MATCH_GROUP,JUN-0181,TXNJUN00435,PRJUN85731895,BLJUN00381,UTR7539441086,1:1,14569.63,14569.63,0.0,MATCHED,Reference + exact amount,Related bank line selected; any redundant related credits remain unconsumed for duplicate-credit exception handling.
JUNE,JUN,JUN,Same-month settlement,MATCH_GROUP,JUN-0182,TXNJUN00366,PRJUN85986307,BLJUN00312,UTR1069927882,1:1,74941.77,74941.77,0.0,MATCHED,Reference + exact amount,Related bank line selected; any redundant related credits remain unconsumed for duplicate-credit exception handling.
JUNE,JUN,JUN,Same-month settlement,MATCH_GROUP,JUN-0183,TXNJUN00458,PRJUN86778235,BLJUN00404,UTR7473868020,1:1,32765.08,32765.08,0.0,MATCHED,Reference + exact amount,Related bank line selected; any redundant related credits remain unconsumed for duplicate-credit exception handling.
JUNE,JUN,JUN,Same-month settlement,MATCH_GROUP,JUN-0184,TXNJUN00351,PRJUN87149161,BLJUN00297,UTR6011649263,1:1,40332.92,40332.92,0.0,MATCHED,Reference + exact amount,Related bank line selected; any redundant related credits remain unconsumed for duplicate-credit exception handling.
JUNE,JUN,JUN,Same-month settlement,MATCH_GROUP,JUN-0185,TXNJUN00386,PRJUN87396877,BLJUN00332,UTR3434757387,1:1,7552.39,7552.39,0.0,MATCHED,Reference + exact amount,Related bank line selected; any redundant related credits remain unconsumed for duplicate-credit exception handling.
JUNE,JUN,JUN,Same-month settlement,MATCH_GROUP,JUN-0186,TXNJUN00364,PRJUN88108751,BLJUN00310,UTR2708176663,1:1,82579.01,82579.01,0.0,MATCHED,Reference + exact amount,Related bank line selected; any redundant related credits remain unconsumed for duplicate-credit exception handling.
JUNE,JUN,JUN,Same-month settlement,MATCH_GROUP,JUN-0187,TXNJUN00405,PRJUN88158177,BLJUN00351,UTR1553155490,1:1,24773.26,24773.26,0.0,MATCHED,Reference + exact amount,Related bank line selected; any redundant related credits remain unconsumed for duplicate-credit exception handling.
JUNE,JUN,JUN,Same-month settlement,MATCH_GROUP,JUN-0188,TXNJUN00454,PRJUN88448538,BLJUN00400,UTR3939532043,1:1,946.18,946.18,0.0,MATCHED,Reference + exact amount,Related bank line selected; any redundant related credits remain unconsumed for duplicate-credit exception handling.
JUNE,JUN,JUN,Same-month settlement,MATCH_GROUP,JUN-0189,TXNJUN00370,PRJUN89682313,BLJUN00316,UTR4509456565,1:1,49467.34,49467.34,0.0,MATCHED,Reference + exact amount,Related bank line selected; any redundant related credits remain unconsumed for duplicate-credit exception handling.
JUNE,JUN,JUN,Same-month settlement,MATCH_GROUP,JUN-0190,TXNJUN00472,PRJUN89715138,BLJUN00418,UTR7203282627,1:1,62971.65,62971.65,0.0,MATCHED,Reference + exact amount,Related bank line selected; any redundant related credits remain unconsumed for duplicate-credit exception handling.
JUNE,JUN,JUN,Same-month settlement,MATCH_GROUP,JUN-0191,TXNJUN00429,PRJUN91512791,BLJUN00375,UTR7614788357,1:1,15135.58,15135.58,0.0,MATCHED,Reference + exact amount,Related bank line selected; any redundant related credits remain unconsumed for duplicate-credit exception handling.
JUNE,JUN,JUN,Same-month settlement,MATCH_GROUP,JUN-0192,TXNJUN00359,PRJUN91907952,BLJUN00305,UTR7743417981,1:1,40818.83,40818.83,0.0,MATCHED,Reference + exact amount,Related bank line selected; any redundant related credits remain unconsumed for duplicate-credit exception handling.
JUNE,JUN,JUN,Same-month settlement,MATCH_GROUP,JUN-0193,TXNJUN00422,PRJUN92058189,BLJUN00368,UTR4201225242,1:1,60856.53,60856.53,0.0,MATCHED,Reference + exact amount,Related bank line selected; any redundant related credits remain unconsumed for duplicate-credit exception handling.
JUNE,JUN,JUN,Same-month settlement,MATCH_GROUP,JUN-0194,TXNJUN00443,PRJUN92979370,BLJUN00389,UTR3965734008,1:1,64757.02,64757.02,0.0,MATCHED,Reference + exact amount,Related bank line selected; any redundant related credits remain unconsumed for duplicate-credit exception handling.
JUNE,JUN,JUN,Same-month settlement,MATCH_GROUP,JUN-0195,TXNJUN00513,PRJUN92984217,BLJUN00459,UTR9761206076,1:1,45242.72,45242.72,0.0,MATCHED,Reference + exact amount,Related bank line selected; any redundant related credits remain unconsumed for duplicate-credit exception handling.
JUNE,JUN,JUN,Same-month settlement,MATCH_GROUP,JUN-0196,TXNJUN00474,PRJUN93590502,BLJUN00420,UTR5751366455,1:1,66643.82,66643.82,0.0,MATCHED,Reference + exact amount,Related bank line selected; any redundant related credits remain unconsumed for duplicate-credit exception handling.
JUNE,JUN,JUN,Same-month settlement,MATCH_GROUP,JUN-0197,TXNJUN00332,PRJUN93890601,BLJUN00278,UTR2308496151,1:1,56513.16,56513.16,0.0,MATCHED,Reference + exact amount,Related bank line selected; any redundant related credits remain unconsumed for duplicate-credit exception handling.
JUNE,JUN,JUN,Same-month settlement,MATCH_GROUP,JUN-0198,TXNJUN00517,PRJUN94586329,BLJUN00470|BLJUN00468|BLJUN00469,UTR3159668272|UTR9785427977|UTR4643211329,1:3,65312.34,65312.34,0.0,MATCHED,Reference aggregate match,All related bank lines aggregated by normalized/truncated reference.
JUNE,JUN,JUN,Same-month settlement,MATCH_GROUP,JUN-0199,TXNJUN00410,PRJUN94658420,BLJUN00356,UTR8651205525,1:1,75561.68,75561.68,0.0,MATCHED,Reference + exact amount,Related bank line selected; any redundant related credits remain unconsumed for duplicate-credit exception handling.
JUNE,JUN,JUN,Same-month settlement,MATCH_GROUP,JUN-0200,TXNJUN00487,PRJUN96355513,BLJUN00433,UTR8522334580,1:1,48152.53,48152.53,0.0,MATCHED,Reference + exact amount,Related bank line selected; any redundant related credits remain unconsumed for duplicate-credit exception handling.
JUNE,JUN,JUN,Same-month settlement,MATCH_GROUP,JUN-0201,TXNJUN00515,PRJUN97446634,BLJUN00463|BLJUN00462|BLJUN00464,UTR4589154183|UTR8238760130|UTR9899689747,1:3,81111.58,81111.58,0.0,MATCHED,Reference aggregate match,All related bank lines aggregated by normalized/truncated reference.
JUNE,JUN,JUN,Same-month settlement,MATCH_GROUP,JUN-0202,TXNJUN00368,PRJUN97857309,BLJUN00314,UTR7981917208,1:1,23974.38,23974.38,0.0,MATCHED,Reference + exact amount,Related bank line selected; any redundant related credits remain unconsumed for duplicate-credit exception handling.
JUNE,JUN,JUN,Same-month settlement,MATCH_GROUP,JUN-0203,TXNJUN00492,PRJUN97858385,BLJUN00438,UTR8921283088,1:1,43475.7,43475.7,0.0,MATCHED,Reference + exact amount,Related bank line selected; any redundant related credits remain unconsumed for duplicate-credit exception handling.
JUNE,JUN,JUN,Same-month settlement,MATCH_GROUP,JUN-0204,TXNJUN00442,PRJUN97884113,BLJUN00388,UTR2730759996,1:1,54449.2,54449.2,0.0,MATCHED,Reference + exact amount,Related bank line selected; any redundant related credits remain unconsumed for duplicate-credit exception handling.
JUNE,JUN,JUN,Same-month settlement,MATCH_GROUP,JUN-0205,TXNJUN00591,PRJUN98070348,BLJUN00497,UTR8044997538,1:1,20755.81,20368.57,-387.24,PARTIAL_MATCH,Reference aggregate match,"Related bank lines found, but the net amount does not fully reconcile."
JUNE,JUN,JUN,Same-month settlement,MATCH_GROUP,JUN-0206,TXNJUN00499,PRJUN98251083,BLJUN00445,UTR4274374218,1:1,57683.73,57683.73,0.0,MATCHED,Reference + exact amount,Related bank line selected; any redundant related credits remain unconsumed for duplicate-credit exception handling.
JUNE,JUN,JUN,Same-month settlement,MATCH_GROUP,JUN-0207,TXNJUN00340,PRJUN98261798,BLJUN00286,UTR2848792488,1:1,33887.09,33887.09,0.0,MATCHED,Reference + exact amount,Related bank line selected; any redundant related credits remain unconsumed for duplicate-credit exception handling.
JUNE,JUN,JUN,Same-month settlement,MATCH_GROUP,JUN-0208,TXNJUN00430,PRJUN98663948,BLJUN00376,UTR3108606793,1:1,28428.71,28428.71,0.0,MATCHED,Reference + exact amount,Related bank line selected; any redundant related credits remain unconsumed for duplicate-credit exception handling.
JUNE,JUN,JUN,Same-month settlement,MATCH_GROUP,JUN-0209,TXNJUN00506,PRJUN99186817,BLJUN00452,UTR9645619869,1:1,88034.44,88034.44,0.0,MATCHED,Reference + exact amount,Related bank line selected; any redundant related credits remain unconsumed for duplicate-credit exception handling.
JUNE,JUN,JUN,Same-month settlement,MATCH_GROUP,JUN-0210,TXNJUN00575|TXNJUN00579|TXNJUN00577|TXNJUN00578|TXNJUN00576,PRJUN98502178|PRJUN74709513|PRJUN97138408|PRJUN15830187|PRJUN82381739,BLJUN00486,UTR3474420092,5:1,55880.5,55880.5,0.0,MATCHED,Merchant/date net-settlement subset match,Internal transactions matched as one settlement group based on merchant/date and exact net total.
JUNE,JUN,JUN,Same-month settlement,MATCH_GROUP,JUN-0211,TXNJUN00571|TXNJUN00574|TXNJUN00573|TXNJUN00572|TXNJUN00570,PRJUN90643207|PRJUN61735818|PRJUN55992559|PRJUN34412077|PRJUN32893086,BLJUN00485|BLJUN00484,UTR1413599241|UTR1466305100,5:2,81175.76,81175.76,0.0,MATCHED,Merchant/date net-settlement subset match,Internal transactions matched as one settlement group based on merchant/date and exact net total.
MAY,MAY,JUNE,Backlog identified in May,OPEN_ITEM,BL-0001,TXNMAY00315,PRMAY30456313,,,1:0,31504.74,0.0,-31504.74,OPEN,No May settlement found,At May month-end: Likely Settlement Lag; ageing 3 days. Cleared by June PREV CYCLE credit.
JUNE,MAY,JUNE,May backlog cleared in June,BACKLOG_CLEARED,BL-0001,TXNMAY00315,PRMAY30456313,BLJUN00269,UTR9344950649,1:1,31504.74,31504.74,0.0,MATCHED,PREV CYCLE reference + exact amount,May opening backlog settled in June and removed from open backlog.
MAY,MAY,JUNE,Backlog identified in May,OPEN_ITEM,BL-0002,TXNMAY00303,PRMAY84797762,,,1:0,37052.7,0.0,-37052.7,OPEN,No May settlement found,At May month-end: Likely Settlement Lag; ageing 3 days. Cleared by June PREV CYCLE credit.
JUNE,MAY,JUNE,May backlog cleared in June,BACKLOG_CLEARED,BL-0002,TXNMAY00303,PRMAY84797762,BLJUN00257,UTR6719736115,1:1,37052.7,37052.7,0.0,MATCHED,PREV CYCLE reference + exact amount,May opening backlog settled in June and removed from open backlog.
MAY,MAY,,May opening backlog,OPEN_ITEM,BL-0003,TXNMAY00326,PRMAY24363501,,,1:0,49935.52,0.0,-49935.52,OPEN,No May settlement found,At May month-end: Genuine Exception; ageing 28 days. Still open at June month-end.
JUNE,MAY,,May backlog still open,BACKLOG_OPEN,BL-0003,TXNMAY00326,PRMAY24363501,,,1:0,49935.52,0.0,-49935.52,OPEN,No June PREV CYCLE settlement found,Carried forward from May; remains open at June month-end and requires investigation.
MAY,MAY,JUNE,Backlog identified in May,OPEN_ITEM,BL-0004,TXNMAY00311,PRMAY45106207,,,1:0,48839.37,0.0,-48839.37,OPEN,No May settlement found,At May month-end: Likely Settlement Lag; ageing 2 days. Cleared by June PREV CYCLE credit.
JUNE,MAY,JUNE,May backlog cleared in June,BACKLOG_CLEARED,BL-0004,TXNMAY00311,PRMAY45106207,BLJUN00265,UTR4427620889,1:1,48839.37,48839.37,0.0,MATCHED,PREV CYCLE reference + exact amount,May opening backlog settled in June and removed from open backlog.
MAY,MAY,JUNE,Backlog identified in May,OPEN_ITEM,BL-0005,TXNMAY00310,PRMAY53166435,,,1:0,36317.7,0.0,-36317.7,OPEN,No May settlement found,At May month-end: Likely Settlement Lag; ageing 2 days. Cleared by June PREV CYCLE credit.
JUNE,MAY,JUNE,May backlog cleared in June,BACKLOG_CLEARED,BL-0005,TXNMAY00310,PRMAY53166435,BLJUN00264,UTR2632399901,1:1,36317.7,36317.7,0.0,MATCHED,PREV CYCLE reference + exact amount,May opening backlog settled in June and removed from open backlog.
MAY,MAY,JUNE,Backlog identified in May,OPEN_ITEM,BL-0006,TXNMAY00316,PRMAY42981324,,,1:0,52423.38,0.0,-52423.38,OPEN,No May settlement found,At May month-end: Likely Settlement Lag; ageing 1 days. Cleared by June PREV CYCLE credit.
JUNE,MAY,JUNE,May backlog cleared in June,BACKLOG_CLEARED,BL-0006,TXNMAY00316,PRMAY42981324,BLJUN00270,UTR2158638062,1:1,52423.38,52423.38,0.0,MATCHED,PREV CYCLE reference + exact amount,May opening backlog settled in June and removed from open backlog.
MAY,MAY,JUNE,Backlog identified in May,OPEN_ITEM,BL-0007,TXNMAY00304,PRMAY54327148,,,1:0,87630.92,0.0,-87630.92,OPEN,No May settlement found,At May month-end: Likely Settlement Lag; ageing 4 days. Cleared by June PREV CYCLE credit.
JUNE,MAY,JUNE,May backlog cleared in June,BACKLOG_CLEARED,BL-0007,TXNMAY00304,PRMAY54327148,BLJUN00258,UTR9926778957,1:1,87630.92,87630.92,0.0,MATCHED,PREV CYCLE reference + exact amount,May opening backlog settled in June and removed from open backlog.
MAY,MAY,JUNE,Backlog identified in May,OPEN_ITEM,BL-0008,TXNMAY00308,PRMAY12058055,,,1:0,89045.89,0.0,-89045.89,OPEN,No May settlement found,At May month-end: Likely Settlement Lag; ageing 3 days. Cleared by June PREV CYCLE credit.
JUNE,MAY,JUNE,May backlog cleared in June,BACKLOG_CLEARED,BL-0008,TXNMAY00308,PRMAY12058055,BLJUN00262,UTR7230065637,1:1,89045.89,89045.89,0.0,MATCHED,PREV CYCLE reference + exact amount,May opening backlog settled in June and removed from open backlog.
MAY,MAY,JUNE,Backlog identified in May,OPEN_ITEM,BL-0009,TXNMAY00301,PRMAY34679818,,,1:0,23081.74,0.0,-23081.74,OPEN,No May settlement found,At May month-end: Likely Settlement Lag; ageing 1 days. Cleared by June PREV CYCLE credit.
JUNE,MAY,JUNE,May backlog cleared in June,BACKLOG_CLEARED,BL-0009,TXNMAY00301,PRMAY34679818,BLJUN00255,UTR3521300895,1:1,23081.74,23081.74,0.0,MATCHED,PREV CYCLE reference + exact amount,May opening backlog settled in June and removed from open backlog.
MAY,MAY,JUNE,Backlog identified in May,OPEN_ITEM,BL-0010,TXNMAY00314,PRMAY12176998,,,1:0,52676.27,0.0,-52676.27,OPEN,No May settlement found,At May month-end: Likely Settlement Lag; ageing 2 days. Cleared by June PREV CYCLE credit.
JUNE,MAY,JUNE,May backlog cleared in June,BACKLOG_CLEARED,BL-0010,TXNMAY00314,PRMAY12176998,BLJUN00268,UTR1457632732,1:1,52676.27,52676.27,0.0,MATCHED,PREV CYCLE reference + exact amount,May opening backlog settled in June and removed from open backlog.
MAY,MAY,,May opening backlog,OPEN_ITEM,BL-0011,TXNMAY00322,PRMAY18113477,,,1:0,60674.78,0.0,-60674.78,OPEN,No May settlement found,At May month-end: Genuine Exception; ageing 20 days. Still open at June month-end.
JUNE,MAY,,May backlog still open,BACKLOG_OPEN,BL-0011,TXNMAY00322,PRMAY18113477,,,1:0,60674.78,0.0,-60674.78,OPEN,No June PREV CYCLE settlement found,Carried forward from May; remains open at June month-end and requires investigation.
MAY,MAY,JUNE,Backlog identified in May,OPEN_ITEM,BL-0012,TXNMAY00305,PRMAY81891784,,,1:0,5133.1,0.0,-5133.1,OPEN,No May settlement found,At May month-end: Likely Settlement Lag; ageing 3 days. Cleared by June PREV CYCLE credit.
JUNE,MAY,JUNE,May backlog cleared in June,BACKLOG_CLEARED,BL-0012,TXNMAY00305,PRMAY81891784,BLJUN00259,UTR1230624431,1:1,5133.1,5133.1,0.0,MATCHED,PREV CYCLE reference + exact amount,May opening backlog settled in June and removed from open backlog.
MAY,MAY,JUNE,Backlog identified in May,OPEN_ITEM,BL-0013,TXNMAY00306,PRMAY90922827,,,1:0,83025.54,0.0,-83025.54,OPEN,No May settlement found,At May month-end: Likely Settlement Lag; ageing 4 days. Cleared by June PREV CYCLE credit.
JUNE,MAY,JUNE,May backlog cleared in June,BACKLOG_CLEARED,BL-0013,TXNMAY00306,PRMAY90922827,BLJUN00260,UTR5621463184,1:1,83025.54,83025.54,0.0,MATCHED,PREV CYCLE reference + exact amount,May opening backlog settled in June and removed from open backlog.
MAY,MAY,,May opening backlog,OPEN_ITEM,BL-0014,TXNMAY00321,PRMAY30270856,,,1:0,20973.69,0.0,-20973.69,OPEN,No May settlement found,At May month-end: Genuine Exception; ageing 29 days. Still open at June month-end.
JUNE,MAY,,May backlog still open,BACKLOG_OPEN,BL-0014,TXNMAY00321,PRMAY30270856,,,1:0,20973.69,0.0,-20973.69,OPEN,No June PREV CYCLE settlement found,Carried forward from May; remains open at June month-end and requires investigation.
MAY,MAY,JUNE,Backlog identified in May,OPEN_ITEM,BL-0015,TXNMAY00312,PRMAY23234972,,,1:0,72414.34,0.0,-72414.34,OPEN,No May settlement found,At May month-end: Likely Settlement Lag; ageing 1 days. Cleared by June PREV CYCLE credit.
JUNE,MAY,JUNE,May backlog cleared in June,BACKLOG_CLEARED,BL-0015,TXNMAY00312,PRMAY23234972,BLJUN00266,UTR5647317872,1:1,72414.34,72414.34,0.0,MATCHED,PREV CYCLE reference + exact amount,May opening backlog settled in June and removed from open backlog.
MAY,MAY,,May opening backlog,OPEN_ITEM,BL-0016,TXNMAY00325,PRMAY77406294,,,1:0,66372.15,0.0,-66372.15,OPEN,No May settlement found,At May month-end: Genuine Exception; ageing 16 days. Still open at June month-end.
JUNE,MAY,,May backlog still open,BACKLOG_OPEN,BL-0016,TXNMAY00325,PRMAY77406294,,,1:0,66372.15,0.0,-66372.15,OPEN,No June PREV CYCLE settlement found,Carried forward from May; remains open at June month-end and requires investigation.
MAY,MAY,JUNE,Backlog identified in May,OPEN_ITEM,BL-0017,TXNMAY00313,PRMAY59755172,,,1:0,39469.88,0.0,-39469.88,OPEN,No May settlement found,At May month-end: Likely Settlement Lag; ageing 2 days. Cleared by June PREV CYCLE credit.
JUNE,MAY,JUNE,May backlog cleared in June,BACKLOG_CLEARED,BL-0017,TXNMAY00313,PRMAY59755172,BLJUN00267,UTR6968380957,1:1,39469.88,39469.88,0.0,MATCHED,PREV CYCLE reference + exact amount,May opening backlog settled in June and removed from open backlog.
MAY,MAY,JUNE,Backlog identified in May,OPEN_ITEM,BL-0018,TXNMAY00318,PRMAY28784915,,,1:0,17688.53,0.0,-17688.53,OPEN,No May settlement found,At May month-end: Likely Settlement Lag; ageing 1 days. Cleared by June PREV CYCLE credit.
JUNE,MAY,JUNE,May backlog cleared in June,BACKLOG_CLEARED,BL-0018,TXNMAY00318,PRMAY28784915,BLJUN00272,UTR2752536389,1:1,17688.53,17688.53,0.0,MATCHED,PREV CYCLE reference + exact amount,May opening backlog settled in June and removed from open backlog.
MAY,MAY,JUNE,Backlog identified in May,OPEN_ITEM,BL-0019,TXNMAY00299,PRMAY16292676,,,1:0,89465.31,0.0,-89465.31,OPEN,No May settlement found,At May month-end: Likely Settlement Lag; ageing 2 days. Cleared by June PREV CYCLE credit.
JUNE,MAY,JUNE,May backlog cleared in June,BACKLOG_CLEARED,BL-0019,TXNMAY00299,PRMAY16292676,BLJUN00253,UTR3826557688,1:1,89465.31,89465.31,0.0,MATCHED,PREV CYCLE reference + exact amount,May opening backlog settled in June and removed from open backlog.
MAY,MAY,JUNE,Backlog identified in May,OPEN_ITEM,BL-0020,TXNMAY00317,PRMAY75581613,,,1:0,43913.55,0.0,-43913.55,OPEN,No May settlement found,At May month-end: Likely Settlement Lag; ageing 1 days. Cleared by June PREV CYCLE credit.
JUNE,MAY,JUNE,May backlog cleared in June,BACKLOG_CLEARED,BL-0020,TXNMAY00317,PRMAY75581613,BLJUN00271,UTR1374938761,1:1,43913.55,43913.55,0.0,MATCHED,PREV CYCLE reference + exact amount,May opening backlog settled in June and removed from open backlog.
MAY,MAY,,May opening backlog,OPEN_ITEM,BL-0021,TXNMAY00324,PRMAY12244945,,,1:0,68677.76,0.0,-68677.76,OPEN,No May settlement found,At May month-end: Genuine Exception; ageing 21 days. Still open at June month-end.
JUNE,MAY,,May backlog still open,BACKLOG_OPEN,BL-0021,TXNMAY00324,PRMAY12244945,,,1:0,68677.76,0.0,-68677.76,OPEN,No June PREV CYCLE settlement found,Carried forward from May; remains open at June month-end and requires investigation.
MAY,MAY,,May opening backlog,OPEN_ITEM,BL-0022,TXNMAY00323,PRMAY12111482,,,1:0,50677.13,0.0,-50677.13,OPEN,No May settlement found,At May month-end: Genuine Exception; ageing 29 days. Still open at June month-end.
JUNE,MAY,,May backlog still open,BACKLOG_OPEN,BL-0022,TXNMAY00323,PRMAY12111482,,,1:0,50677.13,0.0,-50677.13,OPEN,No June PREV CYCLE settlement found,Carried forward from May; remains open at June month-end and requires investigation.
MAY,MAY,JUNE,Backlog identified in May,OPEN_ITEM,BL-0023,TXNMAY00319,PRMAY14539747,,,1:0,89806.57,0.0,-89806.57,OPEN,No May settlement found,At May month-end: Likely Settlement Lag; ageing 4 days. Cleared by June PREV CYCLE credit.
JUNE,MAY,JUNE,May backlog cleared in June,BACKLOG_CLEARED,BL-0023,TXNMAY00319,PRMAY14539747,BLJUN00273,UTR5679877282,1:1,89806.57,89806.57,0.0,MATCHED,PREV CYCLE reference + exact amount,May opening backlog settled in June and removed from open backlog.
MAY,MAY,JUNE,Backlog identified in May,OPEN_ITEM,BL-0024,TXNMAY00300,PRMAY52779814,,,1:0,38932.56,0.0,-38932.56,OPEN,No May settlement found,At May month-end: Likely Settlement Lag; ageing 1 days. Cleared by June PREV CYCLE credit.
JUNE,MAY,JUNE,May backlog cleared in June,BACKLOG_CLEARED,BL-0024,TXNMAY00300,PRMAY52779814,BLJUN00254,UTR2350701477,1:1,38932.56,38932.56,0.0,MATCHED,PREV CYCLE reference + exact amount,May opening backlog settled in June and removed from open backlog.
MAY,MAY,,May opening backlog,OPEN_ITEM,BL-0025,TXNMAY00327,PRMAY93185576,,,1:0,24166.62,0.0,-24166.62,OPEN,No May settlement found,At May month-end: Genuine Exception; ageing 21 days. Still open at June month-end.
JUNE,MAY,,May backlog still open,BACKLOG_OPEN,BL-0025,TXNMAY00327,PRMAY93185576,,,1:0,24166.62,0.0,-24166.62,OPEN,No June PREV CYCLE settlement found,Carried forward from May; remains open at June month-end and requires investigation.
MAY,MAY,JUNE,Backlog identified in May,OPEN_ITEM,BL-0026,TXNMAY00302,PRMAY29374563,,,1:0,86921.73,0.0,-86921.73,OPEN,No May settlement found,At May month-end: Likely Settlement Lag; ageing 1 days. Cleared by June PREV CYCLE credit.
JUNE,MAY,JUNE,May backlog cleared in June,BACKLOG_CLEARED,BL-0026,TXNMAY00302,PRMAY29374563,BLJUN00256,UTR4989487508,1:1,86921.73,86921.73,0.0,MATCHED,PREV CYCLE reference + exact amount,May opening backlog settled in June and removed from open backlog.
MAY,MAY,JUNE,Backlog identified in May,OPEN_ITEM,BL-0027,TXNMAY00307,PRMAY85007641,,,1:0,45672.6,0.0,-45672.6,OPEN,No May settlement found,At May month-end: Likely Settlement Lag; ageing 3 days. Cleared by June PREV CYCLE credit.
JUNE,MAY,JUNE,May backlog cleared in June,BACKLOG_CLEARED,BL-0027,TXNMAY00307,PRMAY85007641,BLJUN00261,UTR2401777036,1:1,45672.6,45672.6,0.0,MATCHED,PREV CYCLE reference + exact amount,May opening backlog settled in June and removed from open backlog.
MAY,MAY,JUNE,Backlog identified in May,OPEN_ITEM,BL-0028,TXNMAY00309,PRMAY42560305,,,1:0,37830.89,0.0,-37830.89,OPEN,No May settlement found,At May month-end: Likely Settlement Lag; ageing 3 days. Cleared by June PREV CYCLE credit.
JUNE,MAY,JUNE,May backlog cleared in June,BACKLOG_CLEARED,BL-0028,TXNMAY00309,PRMAY42560305,BLJUN00263,UTR9337145038,1:1,37830.89,37830.89,0.0,MATCHED,PREV CYCLE reference + exact amount,May opening backlog settled in June and removed from open backlog.
MAY,MAY,JUNE,Backlog identified in May,OPEN_ITEM,BL-0029,TXNMAY00320,PRMAY65350347,,,1:0,80081.11,0.0,-80081.11,OPEN,No May settlement found,At May month-end: Likely Settlement Lag; ageing 3 days. Cleared by June PREV CYCLE credit.
JUNE,MAY,JUNE,May backlog cleared in June,BACKLOG_CLEARED,BL-0029,TXNMAY00320,PRMAY65350347,BLJUN00274,UTR8664105957,1:1,80081.11,80081.11,0.0,MATCHED,PREV CYCLE reference + exact amount,May opening backlog settled in June and removed from open backlog.
MAY,MAY,,May opening backlog,OPEN_ITEM,BL-0030,TXNMAY00328,PRMAY63270536,,,1:0,35596.64,0.0,-35596.64,OPEN,No May settlement found,At May month-end: Genuine Exception; ageing 28 days. Still open at June month-end.
JUNE,MAY,,May backlog still open,BACKLOG_OPEN,BL-0030,TXNMAY00328,PRMAY63270536,,,1:0,35596.64,0.0,-35596.64,OPEN,No June PREV CYCLE settlement found,Carried forward from May; remains open at June month-end and requires investigation.
JUNE,JUNE,,June transaction not settled by June month-end,OPEN_ITEM,JUN-OPEN-0001,TXNJUN00599,PRJUN24289484,,,1:0,47925.28,0.0,-47925.28,OPEN,No June settlement found,Likely Settlement Lag; ageing 3 days. Rule: <=7 days at month-end = likely lag; >7 days = genuine exception.
JUNE,JUNE,,June transaction not settled by June month-end,OPEN_ITEM,JUN-OPEN-0002,TXNJUN00610,PRJUN24319594,,,1:0,87437.83,0.0,-87437.83,OPEN,No June settlement found,Likely Settlement Lag; ageing 3 days. Rule: <=7 days at month-end = likely lag; >7 days = genuine exception.
JUNE,JUNE,,June transaction not settled by June month-end,OPEN_ITEM,JUN-OPEN-0003,TXNJUN00608,PRJUN36798789,,,1:0,69931.9,0.0,-69931.9,OPEN,No June settlement found,Likely Settlement Lag; ageing 2 days. Rule: <=7 days at month-end = likely lag; >7 days = genuine exception.
JUNE,JUNE,,June transaction not settled by June month-end,OPEN_ITEM,JUN-OPEN-0004,TXNJUN00594,PRJUN63611082,,,1:0,63700.48,0.0,-63700.48,OPEN,No June settlement found,Likely Settlement Lag; ageing 1 days. Rule: <=7 days at month-end = likely lag; >7 days = genuine exception.
JUNE,JUNE,,June transaction not settled by June month-end,OPEN_ITEM,JUN-OPEN-0005,TXNJUN00598,PRJUN64218119,,,1:0,24989.94,0.0,-24989.94,OPEN,No June settlement found,Likely Settlement Lag; ageing 3 days. Rule: <=7 days at month-end = likely lag; >7 days = genuine exception.
JUNE,JUNE,,June transaction not settled by June month-end,OPEN_ITEM,JUN-OPEN-0006,TXNJUN00607,PRJUN87002404,,,1:0,17568.83,0.0,-17568.83,OPEN,No June settlement found,Likely Settlement Lag; ageing 1 days. Rule: <=7 days at month-end = likely lag; >7 days = genuine exception.
JUNE,JUNE,,June transaction not settled by June month-end,OPEN_ITEM,JUN-OPEN-0007,TXNJUN00616,PRJUN56612335,,,1:0,81772.91,0.0,-81772.91,OPEN,No June settlement found,Genuine Exception; ageing 22 days. Rule: <=7 days at month-end = likely lag; >7 days = genuine exception.
JUNE,JUNE,,June transaction not settled by June month-end,OPEN_ITEM,JUN-OPEN-0008,TXNJUN00605,PRJUN43320572,,,1:0,9062.64,0.0,-9062.64,OPEN,No June settlement found,Likely Settlement Lag; ageing 1 days. Rule: <=7 days at month-end = likely lag; >7 days = genuine exception.
JUNE,JUNE,,June transaction not settled by June month-end,OPEN_ITEM,JUN-OPEN-0009,TXNJUN00612,PRJUN59821155,,,1:0,30135.75,0.0,-30135.75,OPEN,No June settlement found,Genuine Exception; ageing 19 days. Rule: <=7 days at month-end = likely lag; >7 days = genuine exception.
JUNE,JUNE,,June transaction not settled by June month-end,OPEN_ITEM,JUN-OPEN-0010,TXNJUN00595,PRJUN36885204,,,1:0,70073.69,0.0,-70073.69,OPEN,No June settlement found,Likely Settlement Lag; ageing 3 days. Rule: <=7 days at month-end = likely lag; >7 days = genuine exception.
JUNE,JUNE,,June transaction not settled by June month-end,OPEN_ITEM,JUN-OPEN-0011,TXNJUN00600,PRJUN78892172,,,1:0,83261.71,0.0,-83261.71,OPEN,No June settlement found,Likely Settlement Lag; ageing 1 days. Rule: <=7 days at month-end = likely lag; >7 days = genuine exception.
JUNE,JUNE,,June transaction not settled by June month-end,OPEN_ITEM,JUN-OPEN-0012,TXNJUN00597,PRJUN47112255,,,1:0,57702.93,0.0,-57702.93,OPEN,No June settlement found,Likely Settlement Lag; ageing 2 days. Rule: <=7 days at month-end = likely lag; >7 days = genuine exception.
JUNE,JUNE,,June transaction not settled by June month-end,OPEN_ITEM,JUN-OPEN-0013,TXNJUN00614,PRJUN39808788,,,1:0,54889.03,0.0,-54889.03,OPEN,No June settlement found,Genuine Exception; ageing 16 days. Rule: <=7 days at month-end = likely lag; >7 days = genuine exception.
JUNE,JUNE,,June transaction not settled by June month-end,OPEN_ITEM,JUN-OPEN-0014,TXNJUN00611,PRJUN10889014,,,1:0,81459.21,0.0,-81459.21,OPEN,No June settlement found,Genuine Exception; ageing 16 days. Rule: <=7 days at month-end = likely lag; >7 days = genuine exception.
JUNE,JUNE,,June transaction not settled by June month-end,OPEN_ITEM,JUN-OPEN-0015,TXNJUN00609,PRJUN40763714,,,1:0,79360.61,0.0,-79360.61,OPEN,No June settlement found,Likely Settlement Lag; ageing 2 days. Rule: <=7 days at month-end = likely lag; >7 days = genuine exception.
JUNE,JUNE,,June transaction not settled by June month-end,OPEN_ITEM,JUN-OPEN-0016,TXNJUN00603,PRJUN61361533,,,1:0,64387.5,0.0,-64387.5,OPEN,No June settlement found,Likely Settlement Lag; ageing 2 days. Rule: <=7 days at month-end = likely lag; >7 days = genuine exception.
JUNE,JUNE,,June transaction not settled by June month-end,OPEN_ITEM,JUN-OPEN-0017,TXNJUN00604,PRJUN65354876,,,1:0,49188.77,0.0,-49188.77,OPEN,No June settlement found,Likely Settlement Lag; ageing 1 days. Rule: <=7 days at month-end = likely lag; >7 days = genuine exception.
JUNE,JUNE,,June transaction not settled by June month-end,OPEN_ITEM,JUN-OPEN-0018,TXNJUN00601,PRJUN60610858,,,1:0,73204.39,0.0,-73204.39,OPEN,No June settlement found,Likely Settlement Lag; ageing 0 days. Rule: <=7 days at month-end = likely lag; >7 days = genuine exception.
JUNE,JUNE,,June transaction not settled by June month-end,OPEN_ITEM,JUN-OPEN-0019,TXNJUN00613,PRJUN34544645,,,1:0,87041.65,0.0,-87041.65,OPEN,No June settlement found,Genuine Exception; ageing 16 days. Rule: <=7 days at month-end = likely lag; >7 days = genuine exception.
JUNE,JUNE,,June transaction not settled by June month-end,OPEN_ITEM,JUN-OPEN-0020,TXNJUN00596,PRJUN83765077,,,1:0,69051.64,0.0,-69051.64,OPEN,No June settlement found,Likely Settlement Lag; ageing 1 days. Rule: <=7 days at month-end = likely lag; >7 days = genuine exception.
JUNE,JUNE,,June transaction not settled by June month-end,OPEN_ITEM,JUN-OPEN-0021,TXNJUN00602,PRJUN71836850,,,1:0,45916.67,0.0,-45916.67,OPEN,No June settlement found,Likely Settlement Lag; ageing 3 days. Rule: <=7 days at month-end = likely lag; >7 days = genuine exception.
JUNE,JUNE,,June transaction not settled by June month-end,OPEN_ITEM,JUN-OPEN-0022,TXNJUN00615,PRJUN66797703,,,1:0,89282.26,0.0,-89282.26,OPEN,No June settlement found,Genuine Exception; ageing 21 days. Rule: <=7 days at month-end = likely lag; >7 days = genuine exception.
JUNE,JUNE,,June transaction not settled by June month-end,OPEN_ITEM,JUN-OPEN-0023,TXNJUN00593,PRJUN42112480,,,1:0,92692.45,0.0,-92692.45,OPEN,No June settlement found,Likely Settlement Lag; ageing 3 days. Rule: <=7 days at month-end = likely lag; >7 days = genuine exception.
JUNE,JUNE,,June transaction not settled by June month-end,OPEN_ITEM,JUN-OPEN-0024,TXNJUN00606,PRJUN84430642,,,1:0,45403.63,0.0,-45403.63,OPEN,No June settlement found,Likely Settlement Lag; ageing 2 days. Rule: <=7 days at month-end = likely lag; >7 days = genuine exception.
MAY,MAY,MAY,Orphan bank credit,EXCEPTION_BANK,MAY-ORPH-0012,,,BLMAY00251,UTR4947728706,0:1,0.0,92851.94,92851.94,EXCEPTION,Orphan credit detection,No supporting internal transaction or usable reference was found.
MAY,MAY,MAY,Orphan bank credit,EXCEPTION_BANK,MAY-ORPH-0028,,,BLMAY00248,UTR9936181631,0:1,0.0,23293.95,23293.95,EXCEPTION,Orphan credit detection,No supporting internal transaction or usable reference was found.
MAY,MAY,MAY,Duplicate bank credit,EXCEPTION_BANK,MAY-DUP-0037,,,BLMAY00240,UTR3027530378,0:1,0.0,4541.21,4541.21,EXCEPTION,Duplicate credit detection,Bank credit duplicates already matched internal reference PRMAY87619624 / amount; duplicate bank line is not consumed by the match.
MAY,MAY,MAY,Orphan bank credit,EXCEPTION_BANK,MAY-ORPH-0044,,,BLMAY00250,UTR8663837890,0:1,0.0,66844.58,66844.58,EXCEPTION,Orphan credit detection,No supporting internal transaction or usable reference was found.
MAY,MAY,MAY,Orphan bank credit,EXCEPTION_BANK,MAY-ORPH-0047,,,BLMAY00252,UTR2164344392,0:1,0.0,20281.77,20281.77,EXCEPTION,Orphan credit detection,No supporting internal transaction or usable reference was found.
MAY,MAY,MAY,Duplicate bank credit,EXCEPTION_BANK,MAY-DUP-0058,,,BLMAY00243,UTR7602474923,0:1,0.0,12850.78,12850.78,EXCEPTION,Duplicate credit detection,Bank credit duplicates already matched internal reference PRMAY20770971 / amount; duplicate bank line is not consumed by the match.
MAY,MAY,MAY,Duplicate bank credit,EXCEPTION_BANK,MAY-DUP-0118,,,BLMAY00236,UTR9837912162,0:1,0.0,76873.57,76873.57,EXCEPTION,Duplicate credit detection,Bank credit duplicates already matched internal reference PRMAY78501420 / amount; duplicate bank line is not consumed by the match.
MAY,MAY,MAY,Orphan bank credit,EXCEPTION_BANK,MAY-ORPH-0137,,,BLMAY00249,UTR3044426338,0:1,0.0,9109.17,9109.17,EXCEPTION,Orphan credit detection,No supporting internal transaction or usable reference was found.
MAY,MAY,MAY,Duplicate bank credit,EXCEPTION_BANK,MAY-DUP-0185,,,BLMAY00242,UTR6916301780,0:1,0.0,17303.23,17303.23,EXCEPTION,Duplicate credit detection,Bank credit duplicates already matched internal reference PRMAY48532662 / amount; duplicate bank line is not consumed by the match.
MAY,MAY,MAY,Duplicate bank credit,EXCEPTION_BANK,MAY-DUP-0186,,,BLMAY00234,UTR3099500153,0:1,0.0,81212.55,81212.55,EXCEPTION,Duplicate credit detection,Bank credit duplicates already matched internal reference PRMAY32083803 / amount; duplicate bank line is not consumed by the match.
MAY,MAY,MAY,Duplicate bank credit,EXCEPTION_BANK,MAY-DUP-0206,,,BLMAY00237,UTR4506639908,0:1,0.0,68780.79,68780.79,EXCEPTION,Duplicate credit detection,Bank credit duplicates already matched internal reference PRMAY72059365 / amount; duplicate bank line is not consumed by the match.
JUNE,JUNE,JUNE,Orphan bank credit,EXCEPTION_BANK,JUN-ORPH-0044,,,BLJUN00500,UTR6692705133,0:1,0.0,36200.8,36200.8,EXCEPTION,Orphan credit detection,No supporting internal transaction or usable reference was found.
JUNE,JUNE,JUNE,Orphan bank credit,EXCEPTION_BANK,JUN-ORPH-0056,,,BLJUN00502,UTR2571632270,0:1,0.0,25776.43,25776.43,EXCEPTION,Orphan credit detection,No supporting internal transaction or usable reference was found.
JUNE,JUNE,JUNE,Orphan bank credit,EXCEPTION_BANK,JUN-ORPH-0090,,,BLJUN00499,UTR1036157653,0:1,0.0,66408.67,66408.67,EXCEPTION,Orphan credit detection,No supporting internal transaction or usable reference was found.
JUNE,JUNE,JUNE,Duplicate bank credit,EXCEPTION_BANK,JUN-DUP-0106,,,BLJUN00495,UTR1430693397,0:1,0.0,71105.39,71105.39,EXCEPTION,Duplicate credit detection,Bank credit duplicates already matched internal reference PRJUN28531242 / amount; duplicate bank line is not consumed by the match.
JUNE,JUNE,JUNE,Duplicate bank credit,EXCEPTION_BANK,JUN-DUP-0116,,,BLJUN00487,UTR7050091525,0:1,0.0,24365.58,24365.58,EXCEPTION,Duplicate credit detection,Bank credit duplicates already matched internal reference PRJUN67108220 / amount; duplicate bank line is not consumed by the match.
JUNE,JUNE,JUNE,Orphan bank credit,EXCEPTION_BANK,JUN-ORPH-0122,,,BLJUN00501,UTR7651029165,0:1,0.0,81909.53,81909.53,EXCEPTION,Orphan credit detection,No supporting internal transaction or usable reference was found.
JUNE,JUNE,JUNE,Duplicate bank credit,EXCEPTION_BANK,JUN-DUP-0161,,,BLJUN00494,UTR8325043570,0:1,0.0,74513.95,74513.95,EXCEPTION,Duplicate credit detection,Bank credit duplicates already matched internal reference PRJUN65462544 / amount; duplicate bank line is not consumed by the match.
JUNE,JUNE,JUNE,Duplicate bank credit,EXCEPTION_BANK,JUN-DUP-0211,,,BLJUN00492,UTR4242579642,0:1,0.0,14915.27,14915.27,EXCEPTION,Duplicate credit detection,Bank credit duplicates already matched internal reference PRJUN58623028 / amount; duplicate bank line is not consumed by the match.
JUNE,JUNE,JUNE,Duplicate bank credit,EXCEPTION_BANK,JUN-DUP-0243,,,BLJUN00489,UTR3811254192,0:1,0.0,49760.72,49760.72,EXCEPTION,Duplicate credit detection,Bank credit duplicates already matched internal reference PRJUN10954835 / amount; duplicate bank line is not consumed by the match.
